address,chain_id,comment
0x1e0049783f008a0085193e00003d00cd54003c71,1,open sea relayer
0x000000000022d473030f116ddee9f6b43ac78ba3,1,Uniswap Protocol: Permit2
0x7f39c581f595b53c5cb19bd0b3f8da6c935e2ca0,1,Wsteth token
0x7ceb23fd6bc0add59e62ac25578270cff1b9f619,137,weth token
0x10ed43c718714eb63d5aa57b78b54704e256024e,56,PancakeSwap: Router
0x7c90784d6144967bf7b8c89ca06a3629d8abe642,1,MoSolid token
0x55d398326f99059ff775485246999027b3197955,56,Binance Peg Token
0x6F5aC65CA70F2a44d73c8f711Cb2bDf425D9F304,56,BitKeep: Swap Router v1
0xa30669c9ddb1cbf1594a923f7eccac8ce0eee7fa,1,Not a TP (the potenital hacker was not approved but somehow invoked the transfer from function)
0x8d5064fd1b1e74405050ba297239bc2aff28ef1b,1,This is clearly an FP. 'Targets' are being drained several times by the same EOA. Also all targets are funded by crypto.com
0x2356821b1a40d5d5e53352c5112f89b273a83aed,1,Likely FP. 'targets' are being funded then there's a short gap where they are stealed. Also funds are always sent to two different addresses
0x576165c5c51A8E2571E798867405A939b8Dc9C5b,1,Likely FP. All targets are funded by Binance. As soon as funded 'stealed'
0x8ed0533fe6622d1c08b32e9075b0f0d2e090ff80,1,Likely FP. All targets are funded by Binance. As soon as funded 'stealed'
0x7ace242f32208d836a2245df957c08547059bf45,137,Scammer 'stealed' several times by the same 'hacker'. Also between steals it exists funding so it doesn have much sense.
0x7ace242f32208d836a2245df957c08547059bf45,56,Scammer 'stealed' several times by the same 'hacker'. Also between steals it exists funding so it doesn have much sense.
0x70cd4b20e81410767676f76c4446435caee0c80b,1, earni.fi is a site where people can claim their airdroips. earnifi.eth is their verified ENS
0x96c9f810a9c91c81bfa401dd9f24b06307e06fec,1, 'targets' have the same kind of activity (low amount of txs and around 340 days ago)
0x052b2fd0006375aedf5ebb9db3f42de037b83249,1, 'targets' interacting too many times with the potential hacker 
0xaa12f94288bbfedd25ac5b349f3b7423876d31e5,1, 'targets' interacting too many times with the potential hacker 
0x5f22a973cf87f5535e434d293018c6bbe77e7731,1, 'targets' as soon as funded then stealed.
0x0005f82d812aa31da5185565a8d691ab15142678,1, 'targets' as soon as funded then stealed.
0x1025905b15a5e2e27fec11318306a2f51b71f3d4,1, 'targets' as soon as funded then stealed.
0x663862776c7879116d8afc5e559548c6723eecfd,1, 'Targets' are not fully drained. Also 'targets' are sending to the hacker they execute more ETH tx to other adddresses 
0x7b704077d855c5da55729adffec78cd79ff0ced4,1, Doesn't seem like a TP
0x7e3e08d573dd0844dc2e623bdbd4ec87c54629f6,1, targets are transferring more than once to the hacker
0x9febd061f5955ecce02857f9f02210f1c937bcf8,1, Liklely FP - All targets funded by binance or OKX then interacted with ZKsynkEra - Seems more like an airdrop hunter
0xb7f571d6a5850d58f90527407f535d5aecd780a1,1, Doesn't seem that the hacker is fully draining all the ETH but a low amount compared with all the eth these wallets have
0x9aa9854658714b6aad07b3690cd3ed8d9ffd3f85,1, Doesn't seem that the hacker is fully draining all the ETH but a low amount compared with all the eth these wallets have. Also in some cases the 'target' interacted more than once with the 'hacker'
0xecea96a55a12082eb71af6dfce7681195a1b7902,137, All the 'targets' are sending the same amount 
0x42e650c55cd827d353e51e60632eff381861b3ce,137, Tranfers from the same wallet in three different moments
0x5bbd726c0455ade17dea775ef32a5373b38a9a9b,137,
0x7293c4fc440f91bb551302b8c28a443161e3aa84,56, Sending dust
0x667d6e3b2a4c36792d6521d778215cbbf033028f,1, Hacker 'stealing' several times
0xf36ac1a7c1bed1e5615af9a6fe35cfc2f5036043,137, 'Steling' always from the same wallet and a super low amount in USDC
0x873ce34970cff81c77eb07217a8058c1861700bd,1,As soon as receiving the ETH the 'targets' are being drained. There's a pattern that shouldn't be happening
0x95d896fb6ef54a601887b4ce5c4e3fd1e0226c6d,1,Interacted too many times with the 'hacker'
0xe5ad66f494bb6d80ae79ce9265cebaa5c64848cc,1,'hackers' are stolen by only a slighty portion of the whole eth that they posses
0xbd4d15053be2aeb70d544c6b8a7056f8a5c0250d,1,All targets seems like airdrop hunters. A same pattern happening (interation with ZKsync and starknet)
0x66c7ad805d0d7f76038f2949574a93961032286b,1,'targets' are sending transfers to different EOAs
0x2e6441363f7657fd31907ab58a7bc17ae5894113,1,'''Stealing'' the same target over and over again'
0xbd4698e42e57b9e024a86c37659739a674ebd08f,1,I don't see any 0 value transfer
0x53ed53e7f9a4821ed370fee3124e8bac5e11a61c,1,There is not a 0 value transfer
0xbbbccd07e987ad2728b82685066e8b301bde0b12,1,The only target is being drained in three different moments
0x08a34cac368f1206a30803787d5e00cf4265c347,1,Targets are only stealed usdt. also in the majority of the cases target is fooled more than once
0x7b64a9d924c60e675759ee05a9e7aa9efa85e7ef,1,HAcker stealing more than one time to the target. This does not have much sense
0xfc9a5730bcecebf14c863aecba57a6e399a252cd,1,Only stealing tether (usdt). also same target
0x282d9c068b8ae384f40cf027151b3c0e125b9919,1,Only stealing tether (usdt). also same target
0xc4a72063c03e77893b2f0181ffd22b34cab170fd,1,There are no indicators why this should be a TP
0x8aa3ee7fd8af894deaf7ad2d6cc18fa8c1620a61,1,Bulk transfer issue
0xf7195c434b17ceae7eec89c9be640cb8f633a174,1,Bulk transfer issue
0xcd7c3ea4dfc48f78ad71acfe2333e0bae26050ad,1,Only stealing tether (usdt). also same target
0xdac61a45d77cdef4e06fa20637b35fdb1a3b2871,1,I don't see why this address should be considered as an address posioner. this address did not trigger any posonous transaction nor is the contract which sent the tokens
0x000000697bb288f2528042e8844b65cd32beafca,1,Doesn't seem like an ice phishing
0xc33d8f9b4859b7ce8267c5f6eb1526b16ecf0863,1,Doesn't seem like a TP. Targets are funded by exchanges. then stolen as soon as possible.
0xbdfc0e5c25bdba5a8fb0cbde9c52c8abce4fafc5,1,Seems it isn't a phishing attack
0x58cf5e7802b56b4a280a69ef659616dd89a6d81f,1,Seems it isn't a phishing attack
0x328ebc7bb2ca4bf4216863042a960e3c64ed4c10,1,I don't see why this address should be considered as an address posioner. this address did not trigger any posonous transaction nor is the contract which sent the tokens
0x0766b0101d274f230b8db771dbb20196e2f50cb9,1,There is a sale of a bunch of bored ape at a lower price than the floor. however still is a big amount. Around 25 ETH
0x1b1b43add616b0d1e0d1a23f5d43d0465107859a,1,I don't see why this address should be considered as an address posioner. this address did not trigger any posonous transaction nor is the contract which sent the tokens
0x77cb0e8af082d850f839d3324d324903d99919c0,1,I don't see why this address should be considered as an address posioner. this address did not trigger any posonous transaction nor is the contract which sent the tokens
0xb1a9752d702b9e50db15e3b641d7098591752805,1,I don't see why this address should be considered as an address posioner. this address did not trigger any posonous transaction nor is the contract which sent the tokens
0x50f808e2876c025a2322883eb084c58528cf930d,1,I don't see why this address should be considered as an address posioner. this address did not trigger any posonous transaction nor is the contract which sent the tokens
0xcdf4930c1e3167faa772fa463ae8ff44d61273f0,1,I don't see why this address should be considered as an address posioner. this address did not trigger any posonous transaction nor is the contract which sent the tokens
0x81c1eaf33ee522b0f986ec7d0152c545c0a87344,1,I don't see why this address should be considered as an address posioner. this address did not trigger any posonous transaction nor is the contract which sent the tokens
0xf599ad8eaf92938dc1c47cfce97a549c838d6e88,1,I don't see why this address should be considered as an address posioner. this address did not trigger any posonous transaction nor is the contract which sent the tokens
0xd30e17a73a788850a3a372393ceb0036406467c2,1,I don't see why this address should be considered as an address posioner. this address did not trigger any posonous transaction nor is the contract which sent the tokens
0x908141d3113e1701dba8786d4012c90e5813313b,1,I don't see why this address should be considered as an address posioner. this address did not trigger any posonous transaction nor is the contract which sent the tokens
0x202eca424a8db90924a4daa3e6bcecd9311f668e,1,I don't see why this address should be considered as an address posioner. this address did not trigger any posonous transaction nor is the contract which sent the tokens
0x11faa794cead8d315a06132425b0ac26e49f2cb1,1,I don't see why this address should be considered as an address posioner. this address did not trigger any posonous transaction nor is the contract which sent the tokens
0x457ae2c5d81f2b5be0829157947a7d739861147e,1,I don't see why this address should be considered as an address posioner. this address did not trigger any posonous transaction nor is the contract which sent the tokens
0x9083fed81f3ab2ddeb376db0e394c8ae565182c1,1,I don't see why this address should be considered as an address posioner. this address did not trigger any posonous transaction nor is the contract which sent the tokens
0xef321d58dd9f6c9f513d1f68150e40446e5e5fdd,1,I don't see why this address should be considered as an address posioner. this address did not trigger any posonous transaction nor is the contract which sent the tokens
0xdfad36565b8753e9d2b0bdcbaf652c17f7733047,1,I don't see why this address should be considered as an address posioner. this address did not trigger any posonous transaction nor is the contract which sent the tokens
0x6231881cc679ad241ff5622cd1549008924f066a,1,I am not seiing why this should be considered as a TP. there was not any NFT sold for a low value
0xfdd442e4d8752433e704da6b07c10b9e4236f62f,1,I don't see why this address should be considered as an address posioner. this address did not trigger any posonous transaction nor is the contract which sent the tokens
0xd4bb298f935cdfa7eb5e363d168f838bb65cdff4,1,Customer reported FP; Christian investigated manually. https://docs.google.com/document/d/1Y6Tk1-ZKtpcyaassqw8trjOGp_c9LDyWaLM3f_kzb00/edit?usp=sharing
0x42d403ab9b0603442ac991c0cfe124105dde0811,1,Customer reported FP; Christian investigated manually. https://docs.google.com/document/d/1Y6Tk1-ZKtpcyaassqw8trjOGp_c9LDyWaLM3f_kzb00/edit?usp=sharing
0xb90973421e3B6bB342838989C86278d4601D42f3,1,Customer reported FP; Christian investigated manually. https://docs.google.com/document/d/1Y6Tk1-ZKtpcyaassqw8trjOGp_c9LDyWaLM3f_kzb00/edit?usp=sharing
0xe7462ed316f6fd3442fd3e78fde1ef745a4c87b4,1,Customer reported FP; Christian investigated manually. https://docs.google.com/document/d/1Y6Tk1-ZKtpcyaassqw8trjOGp_c9LDyWaLM3f_kzb00/edit?usp=sharing
0xfa080f371f2b9986dfd0a692da4da343178233d0,1,Customer reported FP; Christian investigated manually. https://docs.google.com/document/d/1Y6Tk1-ZKtpcyaassqw8trjOGp_c9LDyWaLM3f_kzb00/edit?usp=sharing
0x4e283abd94aee0a5a64a582def7b22bba60576d8,1,Customer reported FP; Christian investigated manually. https://docs.google.com/document/d/1Y6Tk1-ZKtpcyaassqw8trjOGp_c9LDyWaLM3f_kzb00/edit?usp=sharing
0xbf901f52aef5bb098f6f7918e1fa0c639720f409,1,Customer reported FP; Christian investigated manually. https://docs.google.com/document/d/1Y6Tk1-ZKtpcyaassqw8trjOGp_c9LDyWaLM3f_kzb00/edit?usp=sharing
0x75444282050682a43d1220cc4a09362c032538a3,1,Customer reported FP; Christian investigated manually. https://docs.google.com/document/d/1Y6Tk1-ZKtpcyaassqw8trjOGp_c9LDyWaLM3f_kzb00/edit?usp=sharing
0xbb7c3a9c23c1d9aded4f98e8270bc3ee9914ddad, 1, Address is doing some swaps of some tokens but does not seem like ice phsihing
0x56bf5b8db413f699d2649a39fc66b91dc858969b,	1,	Address is swapping some unknow tokens but does not seem like icehishing
0xb9045c0f6a9726f9f88b9af56e6c3a1910ba6984,	1,	Seems to be executing swaps on uniswap. Does not seem like phsihing
0x87b87f78917371aff305e719fbc8eaa8b3520bea,	1, Seems to be executing swaps on uniswap. Does not seem like phsihing
0x385fa52944e8041438a75949e07a780351f4a56d,	1,	Seems to be executing swaps on uniswap. Does not sound like phsihing
0x0dc6b208dc9bf42c3c23fa2e0a4dfddc2688c8a4,	1,	Seem to be executing swaps on metamask
0xfd679b70742938242c8566cb2525ca0283d30309,	1,	Seem that swaps on uniswap are being triggered
0xd0b801f002e08a15826d7ca963ab224426915041,	1,	Seem this address is executing a bunch of swaps but does not seem like tp
0xb5ad01603a45382c128fb9b7d150d7585323ab63,	1,	Seems this address is being funded by binance then executing a bunch of swaps on uniswap buying low value tokens. Hard to associate this with a scammer
0x4ce8bdc18e257db9ea29d11e290dfba99431ddd9,	1,	Address is buying and selling coins. Does not seem like TP
0x9382ae1604e645cc26ae50263268530d09a06ca3,	1,	address is just swapping on uniswap - Does not seem like phishing
0x77b5f2d89b33eedd7b8ab0ff72e1eaa186165f6d,	1,	Address is swapping on uniswap. Also the living period of this address is more than 3 years
0x205abee28c9a0104fb2f5ffd7f6656c9a366f75d,	1,	Does not seem like ice phsihing. There are swaps but unverified contracts are called
0x88e39e98079eca89e4cbee919656b23cc1d8e345,	1,	Does not seem like phhisng 
0x7f38cabc77a64fbac1a34141c307c0c8795a400a,	1,	Excuting swaps on uniswap. Tokens that were exchanged are low value ones
0x0f17b023309e1015841bd0058cfd252f2b5d67f7,	1,	Excuting swaps on uniswap. Tokens that were exchanged are low value ones
0x7c8233475d24c1a17ee48c0ec2b972b5b084620d, 1,	Excuting swaps on uniswap. Tokens that were exchanged are low value ones. Living period of the wallet is 165 days
0x307b50fa0cd6b9a7fd04668adc3eb47b54194107,	1,	Swapping unknown tokens on uniswap. Does not seem like TP
0x917bfbd942017e54704aec0764bcf06014cd1fd6,	1,	This address seems to be executing swaps on uniswaps. Does not seem like phishing
0x747fdd2878548a3e013a2f886b183d0321b72e9a, 1,	Address executing swaps on uniswap but nothing uncommon
0x5c43b066ea091cc8f6851d7cbc29843bf0726e3d,	1,	Address executing a bunch of swaps. That's it
0x69af7c5f6d88bba573d03617144bdae055f101b3,	1,	Normal swaps. Does not seem like phishing
0xf6055ba9f26fc7708bb5fad8de6194f8300780b9, 1,	Normal swaps. Does not seem like phishing
0xdbd64e0537f7629df84aed0dce9be0927a254e5f,	1,	Likely FP. Considering the address only executed swaps on uniswap. Does not sound like phishing
0x069a19665a0a032c9310ba7ec297138da61d9e0d,	1,	Considering the living period of the address and that this one has no misterious acitivity - would say this is an FP
0xa0025b8c1c82be938b668adb6d1107e4b14b3bec,	1,	Executing swaps on uniswap. Does not seem like ice-phishing
0x45c9b6f766a800846ce00bb21ef8a45f483bd584,	1,	Executing swaps on uniswap. Does not seem like ice phishing
0xa1a424e2fe48ba591e06a7ca5ef187f95df06901,	1,	Execution of swaps. Does not seem like a TP alert
0x759dd4f35aaf00fabd843ae1fa09ccac2acc1420,	1,	Executing swaps on 1inch
0xc15cfac8f3cafb9449687a5786251942506c7403,	1,	Normal swaps. Does not seem like a TP
0x4c360c914c32a3f0c45c4635161174b28cfc79e9,	1, Executions of swaps. Does not seem like anything suspicious
0x0ac8ca3a85edaa2de9b5776f63ca5d2ad470dc0c,	1,	Living period of the wallet is more than two years. Does not seem like a scammer wallet due to their activities
0x7159ef8c080b6bfd32bbb02547de4c43c0af0e5f,	1,	Executing swaps on uniswap - Does not seem like a suspicious address
0xc3ebe30f5b3aa266c3d1cf153b815b743f0aa14f,	1,	Living period of the wallet is more than 2 year. Although this address is swapping unknown coins; does not seem to be scamming people
0x008e12025b3637e099b4a5ea88c561d59fdde622,	1,	Although this address is swapping unknown coins; does not seem to be scamming people
0x46634774b210fa9a19b0f89d14f7d43e4d69ceaf,	1,	Normal swaps. Does not seem like a phishing
0x190029ef9a44c0a9ca83ece79367430a01b6643b,	1,	Simple swaps on uniswap
0xf39bcdc40c2c842bde8ac3c26d7391e188986df5,	1,	Swaps on OKX dex
0xd17c9fb467c27ce4e45eaf5c4ae02b56ac95ec7e,	1,	Funded by coinbase. This address has normal activity and does not seem to have executed any attack
0x00db4a28a036ec4f542163f2bdcec104313be22a,	1,	This address has normal activity. Does not seem to be executing any type of scam
0x85db41cce3050194bd2725efa34bb2081ee40f9f,	1,	This address created a bunch of contracts. Does not seem to be gaining approvals and the draining
0x8cc6b83d52b67f629fb3c5978cda3a6c2a456edc,	1,	Normal activity. Does not sound like ice phishign
0x8484ef722627bf18ca5ae6bcf031c23e6e922b30, 137, Polygon bridge
0x8484ef722627bf18ca5ae6bcf031c23e6e922b30, 1, Polygon bridge
0xA0c68C638235ee32657e8f720a23ceC1bFc77C77, 137, Polygon bridge
0xA0c68C638235ee32657e8f720a23ceC1bFc77C77, 1, Polygon bridge
0xdcfae11c70f1575fab9d6bd389a6188ae5524a56, 137, Polygon Old Mapper Deployer
0xdcfae11c70f1575fab9d6bd389a6188ae5524a56, 1, Polygon Old Mapper Deployer
0x63ec5767f54f6943750a70eb6117ea2d9ca77313, 137, Polygon Old Mapper Deployer
0x63ec5767f54f6943750a70eb6117ea2d9ca77313, 1, Polygon Old Mapper Deployer
0x53e0bca35ec356bd5dddfebbd1fc0fd03fabad39, 137, Chainlink token
0x53e0bca35ec356bd5dddfebbd1fc0fd03fabad39, 1, Chainlink token
0x8ac76a51cc950d9822d68b83fe1ad97b32cd580d, 56, Binance Deployer
0x8ac76a51cc950d9822d68b83fe1ad97b32cd580d, 56, BUSD
0xa2b726b1145a4773f68593cf171187d8ebe4d495, 56, INJ Token
0x06590a641dc3eb43f2cebe435576389f209116da,1,GRT Deployer
0x0ccf14983364a7735d369879603930afe10df21e,1,rETH Deployer
0x0f9399fc81dac77908a2dde54bb87ee2d17a3373,56,Cake Deployer
0x1074253202528777561f83817d413e91bfa671d4,1,BUSD Deployer
0x1449e0687810bddd356ae6dd87789244a46d9adb,1,COMP Deployer
0x18dd4e0eb8699ea4fee238de41ecfb95e32272f8,1,SAND Deployer
0x295d587aa3ca6e57e227a4430ab7c4c00989a195,1,APE Deployer
0x36928500bc1dcd7af6a2b4008875cc336b927d57,1,USDT Deployer
0x41653c7d61609d856f29355e404f310ec4142cfb,1,UNI Deployer
0x476307dac3fd170166e007fcaa14f0a129721463,137,WMATIC Deployer
0x4d70757e592c3ad3d276d59d2ee48548168f700f,1,ENJ Deployer
0x4e656459ed25bf986eea1196bc1b00665401645d,56,WBNB Deployer
0x4f26ffbe5f04ed43630fdc30a87638d53d0b0876,1,WETH Deployer
0x514df5293aa7ca53c05d79c37b836596c4abf687,1,1INCH Deployer
0x51f22ac850d29c879367a77d241734acb276b815,1,AAVE Deployer
0x656b1d2e9425c76eaa15f67e7ae17ff72415ecc9,1,GST Deployer
0x6fc080b16f901e8edb234db66c297e2ca2c341f4,56,STA Deployer
0x731c6f8c754fa404cfcc2ed8035ef79262f65702,1,MKR Deployer
0x78655080b65f42e2cee5fa5673689cc44d4e1cfc,1,MATIC Deployer
0x7e1e3334130355799f833ffec2d731bca3e68af6,56,CHI Deployer
0x88efdac29e3ba290512e26c04908692ae9810566,56,ETH Deployer
0x8b41783ad99fcbeb8d575fa7a7b5a04fa0b8d80b,1,WBTC Deployer
0x909d05f384d0663ed4be59863815ab43b4f347ec,1,LDO Deployer
0x947b7742c403f20e5faccdac5e092c943e7d0277,1,CVX Deployer
0x95ba4cf87d6723ad9c0db21737d862be80e93911,1,USDC Deployer
0x970609ba2c160a1b491b90867681918bdc9773af,56,USDT Deployer
0xa66d83716c7cfe425b44d0f7ef92de263468fb3d,1,MANA Deployer
0xb5b06a16621616875a6c2637948bf98ea57c58fa,1,DAI Deployer
0xb75503907b1a1432c59f397cab0c9b4410bb98f5,1,SNX Deployer
0xb8f226ddb7bc672e27dffb67e4adabfa8c0dfa08,1,SHIB Deployer
0xb8ffc3cd6e7cf5a098a1c92f48009765b24088dc,1,stETH Deployer
0xc4ad0ef33a0a4dda3461c479ccb6c36d1e4b7be4,1,CRV Deployer
0xca143ce32fe78f1f7019d7d551a6402fc5350c73,56,Cake-LP Deployer
0xdcfae11c70f1575fab9d6bd389a6188ae5524a56,137,USDT Deployer
0xdf95dc8971217ce0b345b31d8a4b9cc13d6825c9,1,cbETH Deployer
0xe19fc582dd93fa876cf4061eb5456f310144f57b,1,wstETH Deployer
0xf07c30e4cd6cfff525791b4b601bd345bded7f47,56,BUSD Deployer
0xf55037738604fddfc4043d12f25124e94d7d1780,1,LINK Deployer
0xf5e38bbedc78efea055e0c56035adb320e64c4bc,1,QNT Deployer
0xfc19e4ce0e0a27b09f2011ef0512669a0f76367a,56,USDC Deployer
0x13422774d8416a316390f5aa2e713c5742592aaf,1,Avalance Bridge
0x28a92dde19d9989f39a49905d7c9c2fac7799bdf,250,USDC Token
0xe1768f3b55f655812f94b7327062b275a3123082,137,Not Native Ice Phisher
0x602d9abd5671d24026e2ca473903ff2a9a957407,1, Address flagged as rug puller but indeed removed liqudiity from a pool of Frax
0xa38aa9ae8953f245b44e84b6f25e0032e58b1f42,1,
0x5ee84d30c7ee57f63f71c92247ff31f95e26916b,1, Flagged as scamer due to the scam notifier bott. Althiugh received a message there's no reason to conisder it as a scammer
0x8fe0e1205811d5a7e80ee9dc65ae75cafd71ac8d,1, The scam detector has flagged this address as an exchange
0x812c1e2ce48c2672b81b7711275df545cdf53655,1, The ML bot seems to be pointing out a normal swap
0x9cbf099ff424979439dfba03f00b5961784c06ce,1, Seems like this contract was supposed to have been created by a scammer but I don't see the reason. Address is swapping when invoking a function
0xc4218226a5406aa721eaebc2d9da9564aedd7777,1, seems like the tx for how why it has been flagged was a normal swap
0xb1d72dd9cd988c727b160886b864ee0004965c8a,1, 1 inch swap
0xb4fb31e7b1471a8e52dd1e962a281a732ead59c1,1, the SD seems to be pointing out a normal swap
0x5de4ef4879f4fe3bbadf2227d2ac5d0e2d76c895,1, I don't see why this should be considered as a scammer
0xed712f0e0f853fcb4d142cdad47867689df66282,1, Seems like the address is invoking a contract to make swaps
0x0edc1e3a69ff68cf34bdffa83f2f69d2c48170a1,1, Seems like the address is invoking a contract to make swaps
0xef819443b1cbd55ab0b137f644fffa8ebb4208ee,1, I don't see why this should be considered as a scammer
0x45ecfd1f5cf000a8320d8b88d53373bdf964f091,1, I don't see why this should be considered as a scammer
0x12949651a3a7cf952a06fc7f97e13e40f377db9c,1, there was liqudity removal but from legit tokens that are still trading
0xf9137bb4881d9bdeec2aea32e21709bc47fcd2db,1, Seems this address was flagged as scammer association. Thing is that I see no connection with the central node
0xb7f1498898d70685851b5331f64bf26215f00415,1, seems this scammer was flagged as soft rug puller. I don't see why exactly
0xf71d161fdc3895f21612d79f15aa819b7a3d296a,1, There was a liquidity removal but they are still trading
0x176f3dab24a159341c0509bb36b833e7fdd0a132,1, Justin Sun address
0xb95a8d8d7699a32552be90c3bbf389feab702557,1, This one was flagged like ice phisher. I don't see why
0xc5a87e6c6fb14daad332614d8b727bdf80d7c801,1, MEV bot
0xa626bd40a8c88f59a4cf9b1821a7bd71fad96285,1, Flagged as rug puller and does not seem to be one
0x7fe4b2632f5ae6d930677d662af26bc0a06672b3,1, The transaction of why this was flagged as ice phisher does not seem as such
0xed850afe56d61a531a741748168e75a608ecd7f8,1, I don't see why this was flagged as ice phsiher
0x66364bef617514b745339d67f981b0f3de0463f2,1, I don't see why this was flagged as rug puller
0x5baac7ccda079839c9524b90df81720834fc039f,1, Doesn't look like ice phishing
0xd312818347fb054d30925488a7dcfab6e19e9421,1,
0xcfd727653c3d5a1b943f675781d3245b884f1d34,1, normal swap on 1 inch
0x20ac0ee73d332d1adcd4155d5ae0bda5a2e90c4c,1, Seems like a mev bot
0x096187368ac90c47a4df438ccba411debd25d93a,1, the alert is pointing out to a tx that does not seem like ice phishing
0xb3cef8a292bf665afaaf717a9dbcc156d70d4ad6,1, does not seem like a phisher
0xdce92f40cadde2c4e3ea78b8892c540e6bfe2f81,1, seem like this was flagged as native ice phisher. Thing here is this address recevied plenty of transactions and some big ones
0x9ce6e6b60c894d1df9bc3d9d6cc969b79fb176b7,1, Does not seem like ice phisher
0xc92fb88140442067d8c2a6d18262ea21dcaddfb1,1, flagged as address poisoning address 
0x598b014cbd88f3e131fb3b9341ba57e85d8febc6,1, I don't see why this should be considered as a scammer
0x2eb5e5713a874786af6da95f6e4deacedb5dc246,1, the central node was flagged with scammer association label. This error was solved a while ago
0x77f6abde8bbf87c51a800c43e7b93a7ebdba605f,1, Radiant capital
0xcbd78f8fb96bae40826a601f8b9ba17782d62527,1, I don't see the scam here
0x28a92dde19d9989f39a49905d7c9c2fac7799bdf,1, Stargate contract
0x8196e0648cb16e9151c2920618a58605706b5836,1, I don't see the scam here
0x0825cb1a6ab802cd2198ced1680f8220942dd947,1, This address received an onchain message but is not alerting a scam
0x329c54289ff5d6b7b7dae13592c6b1eda1543ed4,1, Aave deployer
0x0000000000000000000000000000000000000000,1, Null Address
0x0000000000000000000000000000000000000000,137, Null Address
0x0000000000000000000000000000000000000000,56, Null Address
0x0000000000000000000000000000000000000000,10, Null Address
0x0000000000000000000000000000000000000000,250, Null Address
0x0000000000000000000000000000000000000000,43114, Null Address
0x0000000000000000000000000000000000000000,42161, Null Address
0xB62bDeDa5d1E7a03a615B793e949C19D158c6b46,1, FP contract
0xbfb2b6870501a6ff17121d676a0a45a38c9eed1e,1, FP
0x70ad6a24abd247fce9b87b2e85972049cc0170ad,1, FP
0x2E05A304d3040f1399c8C20D2a9F659AE7521058,1, FP - Luno Deployer
0xf07c30e4cd6cfff525791b4b601bd345bded7f47,56, FP binance deployer
0xdcfae11c70f1575fab9d6bd389a6188ae5524a56,137, FP Polygon deployer
0x0c5077ff342fdBA6FFa1eEAc5BEB4180A8fA89Cd,1,FP - FailSafe
0xBc7ff7d9700bFc84CD1539E65B1Cb61497F3C6d8,1,FP - FailSafe
0xA60bC7A6A325d1220987b0655bd02fd642f71d89,1,FP - FailSafe
0x347C888a037b8333063D9e1F5E10ea74338362d4,1,FP - FailSafe
0xCED9493A912B60c5e38AC15BCc4dD855eaB5A7B2,1,FP - FailSafe
0x901aa410B05651A9c9C5CdEDEC5D4A2bBe78e380,1,FP - FailSafe
0xe62802D12155310297Ad61BA118dd96b591b0530,1,FP - FailSafe
0x745B74E7eEBCD6C1c4347E26565E4456E16b53CD,1,FP - FailSafe
0x7896bEE9De4017546aAb8bd969Ad924Bb2734ddD,1,FP - FailSafe
0x502FE8D51a5d48268a46cE30C82000cEd032FC6e,1,FP - FailSafe
0xa1DfCE9645914bABE2297CE9ec6cED604775eE87,1,FP - FailSafe
0x0Fd93f35e47AF7e75fac52233a532FE38c154A69,1,FP - FailSafe
0x48220865b9F1BF562E8f9518837005160c2dE76b,1,FP - FailSafe
0x69f1b37eCfE57113a2256344ab13A38BD2D7E8cC,1,FP - FailSafe
0xB58eC2aFaD0E6613887Fb0edBEb278cfE5aC0a35,1,FP - FailSafe
0xec473089B0878EDDf1266c7a6Ffbc1eA8E8E2827,1,FP - FailSafe
0xa105c2B11b8E02C775dB71676D702932801652b5,1,FP - FailSafe
0xCe9Ea69b18cA58CD98FA6dbD6825124119bE1F24,56,FP - FailSafe
0xE080A92C8CCcA4AE896e142734085F5060C09CE3,56,FP - FailSafe
0x51c83F8C358f41e3023aE93536b541eB9004ecce,56,FP - FailSafe
0x55673aA3d47fD28A8131c13a1C514d2c6979AAA9,56,FP - FailSafe
0x38266879C2CcEBE5aC3d01Af4aDa7f864d8E8356,56,FP - FailSafe
0x9721ec411D18B0463AB5e0F2d602fd421574d40c,56,FP - FailSafe
0xFa611f3202c7e7e6047463e65DA42dC66563af36,56,FP - FailSafe
0xd8664aceabe42358D1F6Da3930D1e794526Ac1cc,56,FP - FailSafe
0x5E93fb01125A64886a2ab7c4562f06B5620C3755,137,FP - FailSafe
0x6E3BC4605653f74285044C66FA1c8ae8eb524591,137,FP - FailSafe
0x0ca2abeb355b6634aBc1B6970DaB4cafC4fb1f8d,137,FP - FailSafe
0x86e1B1DdE63EbdC180F65b27902E6B59302C45d0,137,FP - FailSafe
0xe4fE42CA5E74F23706227D68D410E7e455fDb096,137,FP - FailSafe
0xd64748318D23Fa03B9f22AC696042922Df61635f,137,FP - FailSafe
0x94E5AF81cCFF778fBB286d2D49276fbc87fA17e4,137,FP - FailSafe
0xa6c5329f1ed1615Bd3C95e749927f7715ad593B5,137,FP - FailSafe
0xFaDB4BCE7277c562F797168171Fea65aC43B6f36,137,FP - FailSafe
0x654819b85b98931530595Fe6e1E099233D34c36d,137,FP - FailSafe
0x6dd566DB1dd018118E089aEE194aAbff7b1C70b7,137,FP - FailSafe
0xeA4C63FA981c4Ba820a6272fA98fe2244a3dF7D1,137,FP - FailSafe
0xb6Cf8c6DA12978eC479fD040d741947AC3047BB7,137,FP - FailSafe
0x6b3b35f0edDb66Ac69Bd4CEeB23d216113180028,137,FP - FailSafe
0xC4BBe662D45dB4ddb3d6a61DA5878DF9DC742212,137,FP - FailSafe
0x8Fad5B0a473a2d33d9F44aB8269CFb93A0fC5280,137,FP - FailSafe
0x1364a77E2d93E83E168Ee167BBA813e00af668B1,137,FP - FailSafe
0x189f3daE275AA3038Dcaf0d7B09e0733A895707D,137,FP - FailSafe
0x46491F4171bb4e7eC43d17641e8b4528F30CAEEd,137,FP - FailSafe
0xc537baa21Afd219C55A2141A46303Da6b7d3352C,137,FP - FailSafe
0xfAc69a631571E02aE3269Feb5428cc236d278a76,137,FP - FailSafe
0x25b5901ef2f0d128a03980e120dBd5484F43bdD5,137,FP - FailSafe
0xC7740D15f7E035a8A55505083f1a89A40F98d6A6,137,FP - FailSafe
0x9319750903ed28aec9651755FA19BEc52ee6B8bC,137,FP - FailSafe
0x9054437478Fb90043b23f427bB1C3F2F9dCB5C59,137,FP - FailSafe
0x1048778b866468a06BcdaFA160be4Fb79e5f4cFC,137,FP - FailSafe
0xD4D80CF2e94148654312fE28934c37Cc3928F970,137,FP - FailSafe
0x93C02d2B87D1258F7D0E3AC29BE85FC6b6bb0e4e,137,FP - FailSafe
0xBA13A1871503f97d7D3606d6f7EA7451854D9EC6,137,FP - FailSafe
0x61591CE9995414E43B2b31992162d6fcA3790EBf,137,FP - FailSafe
0x0CE0Bfc6079B5b8Db1f27d6d03284C540b0e3149,137,FP - FailSafe
0x5917F5e5EE2B1eEb07aE913176dfd30aBa4b9517,137,FP - FailSafe
0xabfEcdA93Fc32c0ae7814485F62E906376Bfcb76,137,FP - FailSafe
0x3528eccD22f114cE6a0521ba66730E987d3eB370,137,FP - FailSafe
0xECEC540FaCAe254ad5655AE882e276A960326ccc,137,FP - FailSafe
0xd08418c807AbB9852Bc9D29206949Dd7Ac933719,137,FP - FailSafe
0x7E5b5B8A7016454a0D3e40146FB31777d3083ae6,137,FP - FailSafe
0x0c6bA40429782C632F6138A9BA6fc047c7bFE60D,137,FP - FailSafe
0xF5D639A8f56201400a0a1Bd90011568b80d5D31c,137,FP - FailSafe
0x75053aECf9Aef35bC5898c6fB687d56c9D22F038,137,FP - FailSafe
0x983d399eecA6939681dE1F19a9e5f73EA9721bd5,137,FP - FailSafe
0xae207033b6377Db5B68C645181bF5Be7071Dd2eD,137,FP - FailSafe
0x77e2098492Cafed3d3dC369B9CbbC6fE1a319e29,137,FP - FailSafe
0xb06f86a1ac53527016dAF4D3bfc76450A9d03509,137,FP - FailSafe
0x28A6B5049E4aa778415926C7A4bF8df3BA351301,137,FP - FailSafe
0x4721DC75Ec465ce32daCA95AaF9dcB708BcB62b1,137,FP - FailSafe
0x550Cd59093aE57CbD9A9249E95Fc2c4FCa320bCC,137,FP - FailSafe
0x74EAa1Dd307F61E60A15ab53d4cC214b20E0Cfe9,137,FP - FailSafe
0x57ab5d5972D548accCeF4c85f7Aaf27D72Ee9A2e,137,FP - FailSafe
0x1D1285C4eac450F6c71C1cd0ffC091b1D0E81C45,137,FP - FailSafe
0xBA33C78758d18534094A3da37db60aA36B60b3E3,137,FP - FailSafe
0x54add112d427d9b9BefF9904f48Db5e084C572bf,137,FP - FailSafe
0x751b9B9F98247867Ab809Af7e8ab49F88c55Ce2B,137,FP - FailSafe
0x1616E9E57467F4Dc3400F7054675A6773Ff2c263,137,FP - FailSafe
0x6cF3E8311B074D07c763ceF43C886503a5f14377,137,FP - FailSafe
0x4B87a36F4b541a454213Acc616cE460f29EA1858,137,FP - FailSafe
0x766008A8cB39a563d90Cc4F8eCc47c5c575Df7F6,137,FP - FailSafe
0xd7Ffd24a961fdB1e492c35A2eDbCE7D5083AA325,137,FP - FailSafe
0xfad3192148660C1e3727d5bF512499D53770160A,137,FP - FailSafe
0xCEe4E73B4F44Bf4F811685Fb03AB4Cd7367f8A58,137,FP - FailSafe
0x500342e06d364b0D59294Bcf94d7EC290952Ce82,137,FP - FailSafe
0x3313d75940096c92F529962052748a212bb2745a,137,FP - FailSafe
0xE67C78E2Ba3912e5e43408df19Fdb83f5Ec51DD1,137,FP - FailSafe
0x3CF374AcFE34fD2d43d67245DC1CFa55eeC53111,137,FP - FailSafe
0x9526Aaaa55c91930b7F431Bb9aAF4021330CBAC4,137,FP - FailSafe
0xAf4B0CE6D2054bf27375e467686C9477d334d1c0,137,FP - FailSafe
0xDc1b1c99726329E8733280eE31aD86d127AbBDEb,137,FP - FailSafe
0x3a2a284284FC388457123836308403d2EDC730b0,137,FP - FailSafe
0xf9B78501505aF9d8DBfdDfdB76b6d86669Cec010,137,FP - FailSafe
0xD26dfCE398Bd5ebc49c0C73A4ceC2205c83FdEDa,137,FP - FailSafe
0x408613d3ec6a82313faABB04f03EfE5b7E86167f,137,FP - FailSafe
0x6a45492048A4e14B9B4DB4D09eF14c31A35b5E04,137,FP - FailSafe
0xc55149089fa8D192830e92E1ad3201D2dd304746,137,FP - FailSafe
0x787102437ECF40c19885e0B923073E31EDd5c1A9,137,FP - FailSafe
0x809C3eb682e3F736AC7f24e3De461886A5084d71,137,FP - FailSafe
0xb6E2d8D82c003C9D970E7028aBAbE314Ce1E7498,137,FP - FailSafe
0xB99D7564DC780cc65a97d7c1B391F65714c2a5b3,137,FP - FailSafe
0xfCdea689f4E5eA50DE07Ac849C287918ebdca2a9,137,FP - FailSafe
0x29ED210F58884C8728c981d24e5b5771283f37E9,137,FP - FailSafe
0xEDa41410d403d5BC2B7ec0CDf05c593389295580,137,FP - FailSafe
0xFaFb03245408B38A17D07964157Af6623D178Cf6,137,FP - FailSafe
0xa108dAE4ED6D2B14103610c97a0F683FF3882d7C,137,FP - FailSafe
0xd5EDDE1A7c53550f653BA47bF4d9EB0DDc122Cc9,137,FP - FailSafe
0xD1C944D9EcEC0C8BA3f9A53D5643F8A101c6C224,137,FP - FailSafe
0x64eBb03D532Be6c009143ac7A4e71d4eA8aE8ebA,137,FP - FailSafe
0xAd1648ecbe5cde3D805142fbcc578d376fbFa83B,137,FP - FailSafe
0x350aa030848e42887F5272180B8Dd17BE104B700,137,FP - FailSafe
0xA71E2b36Db23c4402950367D4A6f95E93DC6A1b4,137,FP - FailSafe
0xA57a29e3C1Fd0478bc7E19299e99136b852dE4f0,137,FP - FailSafe
0x90CE7aa7B20e63ca22d19225a7311Dfe589c152A,137,FP - FailSafe
0xf89290a2b74FcF99f202dFF186b6c9FB0f992f52,137,FP - FailSafe
0x175f3e3097d4F66D478ee6E1f72ecf81fb997941,137,FP - FailSafe
0x5d0fF3d2A02b0f551eee790db09895f260D3CbE5,137,FP - FailSafe
0x6967698BAde7f1eF16BA4e8BD595B6448e14dF82,137,FP - FailSafe
0x31e63D6004Bc58e67de04a23Edc90B3d37Ec9d22,137,FP - FailSafe
0x18b2567265702405539c0B9CF9E96bBee8A8d058,137,FP - FailSafe
0x45C11642c97F3f922530aE595db3a435c5CdF1C2,137,FP - FailSafe
0x65aCC240D883B24af8F2d50D5C2ad65D507020EB,137,FP - FailSafe
0xceB2BD358D84B1fE86C811F9697F3010886693F9,137,FP - FailSafe
0xAe9E06607cC80C93Ab457774c44701a7Ed820FDA,137,FP - FailSafe
0x33b4D96750981dA9eC88620210E3628e2172F616,137,FP - FailSafe
0x5A8451aCbA81b49C0d1BE0793f9239a81C8c5c21,137,FP - FailSafe
0xDFCe91dfF94085D46f7d75e4dD353631Bf2589C4,137,FP - FailSafe
0x99cca8ECac5B1aD3a2010F4f642e267aBd1B4700,137,FP - FailSafe
0xB436302FDCc44f5F501A6b5382bc8bF10D2E4aB9,137,FP - FailSafe
0xABdF6EC9d612612B7688C0153B8f4faF3a1beAc9,137,FP - FailSafe
0xe495e3a243B8fF2811E6e17489e0d4E3cB511927,137,FP - FailSafe
0xC2c82bC075e684CD481A44a5B73B788E2544eb84,137,FP - FailSafe
0x03e1031E8aA0c5b00d66f5F65ea2F23d28D17f73,137,FP - FailSafe
0x70d306B5f32119b6d7BcFE31b4cB4A75cA88DA65,137,FP - FailSafe
0xC197d402FC702146F5cdA4B33E15641f8D589fd9,137,FP - FailSafe
0x05303230f08a0F74378D943B80eE41933BCfa79B,137,FP - FailSafe
0x51f7A8536FB87934eC92ef9058dfF39584D75587,137,FP - FailSafe
0x2aC50aE3d5De031e5Be72a6feC0c7B5611479CFD,137,FP - FailSafe
0x3A3A28AeC5789BcD6b528129b878587e3574DeC2,137,FP - FailSafe
0x449401D2771e3593203b8340e481C46Da4A2E2E9,137,FP - FailSafe
0x48cc6eD8B245377A4C8Ce7b6EF85A813006Fdaa0,137,FP - FailSafe
0xcC53F0eF630476667df941FDF3cdC0512A455c23,137,FP - FailSafe
0x15abC28b81498Dce0E4CD941ca775643C41166c3,137,FP - FailSafe
0xa0eE3EAE5f293415260C3eA214C19fFF24D43593,137,FP - FailSafe
0xDa53A83c0F09F8C5BfBc8A53e75ce039321CD8E2,137,FP - FailSafe
0xc4dd7c4CF0218a408ef4225BA6Af229555E0Cf4E,137,FP - FailSafe
0xE02108a6EB64865B35c132C374D4B721a856162E,137,FP - FailSafe
0x6f61f2219f81C4A1f5f459D772Fa6e9Fdb249CB9,137,FP - FailSafe
0x87394B6d9f3485Ca29555971CA41FA16FC5F78Bd,137,FP - FailSafe
0xD2a04A58E9a7Cf59fDed1489f10A38fd72E4D8b5,137,FP - FailSafe
0x4A7e6e17FfCe1bf5E85D983aeEdFbF107eeffB40,137,FP - FailSafe
0x27507D4DFb1df67988439AA98dEa66fa72A9c74C,137,FP - FailSafe
0xfA771e0A7aEA43cb5e1996A8C830340d32B46c9A,137,FP - FailSafe
0x001482D1a669Fb8D167562C4d44aD8BC83aDf3DB,137,FP - FailSafe
0x4A3623DD3670faC56Cd1Cb15A00fF374D2F2C6E9,137,FP - FailSafe
0x4973a6538c1606d46E88D49F65d40114A35f91E6,137,FP - FailSafe
0x9Cb29321B22609f38eCba317A447201660B7D72A,137,FP - FailSafe
0x5813698429Cd440aAEe940e9BAc56a9a161EE2cd,137,FP - FailSafe
0xa98AA0E99496DDc9d0455BE8e1f8DD57fF6A102E,137,FP - FailSafe
0xBfc00c45b4e67A809E56788CF729606de3Cf9E06,137,FP - FailSafe
0xDA557e671eFae3701ed1544f5c09f49dD2817dE5,137,FP - FailSafe
0x6FC84a00849AEda6710Cc37d2D6204182638C824,137,FP - FailSafe
0x6dBF25dEA874eFeD4225F95D5f89ad19Bdf90570,137,FP - FailSafe
0xd3365a3E6e07FbeB88F3394896C5583fF4B9bCb3,137,FP - FailSafe
0xC7500a0ef0CE3a0b2BC65bF7a05762A43e99b494,137,FP - FailSafe
0x8aC5298b12108ec7486676BF0a6313c276f60c04,137,FP - FailSafe
0xd7239659C7C36041d446869C526a9E57b9AD1f34,137,FP - FailSafe
0x8CDE497b4004F3c67dBA5f37d227f0951240d92f,137,FP - FailSafe
0x1B8780D0BBF6bB97E75C783595F039230B749253,137,FP - FailSafe
0x2fA4ca253a09a269c90431697Fe00b0DF6A7B829,137,FP - FailSafe
0xA4451Ba797E42b542D6A629F5A80d487d89E2d7b,137,FP - FailSafe
0xb93584128Be490aC4E2fbFA0fd01FCa1B582B617,137,FP - FailSafe
0x263457bbe8411cA67776d06b8d741c1698549c51,137,FP - FailSafe
0x3409dd68aAC42B14d0e15DC020c4D11756f5B6DF,137,FP - FailSafe
0xc02B7372FE4963F67398Df05A8C073CBf94429F9,137,FP - FailSafe
0x32ceeFcb647C669436FBB8281fE744dde583F829,137,FP - FailSafe
0xf3bfD5e81d76f5b80c14d9D58291F74B3f0B547a,137,FP - FailSafe
0xC76309956e6ce83d75d5c72e9Fccc13A255d54Ee,137,FP - FailSafe
0xB74176498Cc4E12d7168Bd70F7ee342C314E9Fbf,137,FP - FailSafe
0x72De95AA42521Fc249D41A00D9046Ee2dc5F43fa,137,FP - FailSafe
0xf444D02E82648eCc54ce680A0F0326d9B3fDE29B,137,FP - FailSafe
0xa5622122FA250b8adbeb02D7f1e9354e40b61e2c,137,FP - FailSafe
0x14bB9089728b34d588A73a1B31d391e452b5460A,137,FP - FailSafe
0x1Ec809E0eBB19dc46F0067c828f70595544e9D67,137,FP - FailSafe
0x2196F08094Ee245d061Fa250E62941CF9890b43a,137,FP - FailSafe
0x5be07b5fB85C9AB326a2Ec93E5715D8A7F840C86,137,FP - FailSafe
0x5483c5D270e46cd7858547af4788C8A73C8F834F,137,FP - FailSafe
0xDf945056F9822A7301Dd6D80d2e59432C93Ab031,137,FP - FailSafe
0xB8B196B172A8311B946Bd46b47556ca6AccdBE4a,137,FP - FailSafe
0x9458D0C2fD5c0D4C462aCD8140E4AD92C1e69082,137,FP - FailSafe
0xE173fDa135F511199a29D92299dB4250b52B1aCd,137,FP - FailSafe
0x7c86dE4eD964D9e5CdF42edDE1C7E55e89cCE120,137,FP - FailSafe
0xE3D6AC6389c91be2DDaAeC2A16e3Ed12a1Cd79Be,137,FP - FailSafe
0xA57576BF6137eE5fDb78F8eEb0cD0546Bd72a884,137,FP - FailSafe
0xd1f53Cf3b75ccf8EAc2B5b482Bdb5717C98f96E8,137,FP - FailSafe
0x373fE984580672616eb669345278358450119772,137,FP - FailSafe
0x6BC93e992f1e7A166CE3D6acbB13B8707Fdcab54,137,FP - FailSafe
0x0Ba47B908eF18697F77CC5e4f234e4F1a85B821F,137,FP - FailSafe
0xAa44C0BD64762bCa4734BD9a9C8D3b31b33FcbB5,137,FP - FailSafe
0x2eAcD0eBebd7883A07C763e4263425C1bcA3404A,137,FP - FailSafe
0x40D1F0EbD7D73ed22b6B04C31827eE2701DBc034,137,FP - FailSafe
0xFcDF153BF29cF48a2871C4DfdeCce7bAab2639F2,137,FP - FailSafe
0xa6fe1aEB88F46Af88CCf0D9d9d8e93Cb66de0942,137,FP - FailSafe
0xdfcca4e7cc0fe3240Dc76CeC79CD60BA7e3ce3EB,137,FP - FailSafe
0xA27492D02dB93966d3D7fa798EaEE259668f0a08,137,FP - FailSafe
0xF5d815e33A4c5317d14A9Dd86E07295105326b81,137,FP - FailSafe
0x5259c3fb8ba0A0FA19000382FB2d1098b2381600,137,FP - FailSafe
0xbb92956233Edd8Db0e40538DE4D14291855221c4,137,FP - FailSafe
0x9843b6C30fd01655F09740241Be70834AFF50301,137,FP - FailSafe
0x3386ddF0FBB3518BE4369EEb71d72Fa8B209d04b,137,FP - FailSafe
0x262764108e138f10887274373784512a7A0D4683,137,FP - FailSafe
0x6E3F31739b96C1ca33e2f05a224c150c33Fb1Bd5,137,FP - FailSafe
0x3c328A913ff68B8d9Ff00391FE942e4D2f4E7628,137,FP - FailSafe
0x31616710e29E6c966A672E4d7bd43BE5250e6E11,137,FP - FailSafe
0x0D6Ec9D2437348993947ca37e9c6b52c147F2a6a,137,FP - FailSafe
0x0BC1584CdBC36caa1bAd4070DECe219b8079CeFE,137,FP - FailSafe
0x0b4e1455A31B78551f4fd8ec332118cfbb61238A,137,FP - FailSafe
0xC31799Be24a1C393FbbFBa2E143bc15400D4f26e,137,FP - FailSafe
0xB566e13e41c45164Dc23Cbc0D114974c394baa71,137,FP - FailSafe
0x07A0EA9E0478DDd779AEC687E8D0bFa1077D4aF2,137,FP - FailSafe
0xE32c8cb194Ff5aefBB88441b5Ce85336fA47cF53,137,FP - FailSafe
0xFE05196FBd975cD089ceE69ed481830caA87Fd80,137,FP - FailSafe
0xc547BF4f76dbdC627A94297735DE0E850A6b697F,137,FP - FailSafe
0xc1C48bF8b9402BDA6D815955bd781c263CB7E681,137,FP - FailSafe
0x91E2917f4d18652D0dE22bCaA533Db39e0b46f0b,137,FP - FailSafe
0x8897F0823199D1A96DCC12d0eFEF49CA8dFe98f1,137,FP - FailSafe
0xa914Da826AB7a8b38Eb386566e3D45a02f8bb531,137,FP - FailSafe
0x30D934A4f84247348120f5F5B94404aDBfc3C6c5,137,FP - FailSafe
0x982C9e2c4EbD8b4C4E9A5FeeA081f96F9a93715D,137,FP - FailSafe
0x7234b22717fb7A14d35E18d71Bf102FCe384A457,137,FP - FailSafe
0xF5c5EA421F8d872eE897aA2144249dB1543120e4,137,FP - FailSafe
0x0608dCBb4C6cBd8bABe8e21dE7CdDeff08103B81,137,FP - FailSafe
0xF1439CAEfF94e14A95F1EA27c1336fAEd07dF99e,137,FP - FailSafe
0x71f5A53fCaC968988313893D9c9370856816ACBC,137,FP - FailSafe
0x1163aA925553736A6377CE8177FA187AF0Ba6900,137,FP - FailSafe
0xdfc1EBb583867e8A8eE2d790760827910A4d4404,137,FP - FailSafe
0x1D6872447cFA4D558e054fc6fDc54957A36f4360,137,FP - FailSafe
0xD905743f1d6094bA3bf9883f391710281BDc0a1f,137,FP - FailSafe
0x1AB2563FC23Cb531DA61c1f89932622f7d07797a,137,FP - FailSafe
0xF9824f3c0387574a91F07C998133F1EfD75B1340,137,FP - FailSafe
0x9A55df680beE53D95e50ffa8b6859F58Bd8d7b11,137,FP - FailSafe
0x1E53d7F66cAA10715E2A844EDf82EBb69BFaA591,137,FP - FailSafe
0xF5A6D19a7102ee07f29aFD3d7118f539009b6Dcd,137,FP - FailSafe
0xb305Cd85b0F29A99Fec75D7A5053DCdf43Cd2156,137,FP - FailSafe
0x27A2A71D77338152717e5A359DC0455ec2DadE5B,137,FP - FailSafe
0xaF034357b263e6090B758EF3c709ee63C4aFD184,137,FP - FailSafe
0x8B5123a18948E45Bb1BE21AeEaCce567c90Fb5dc,137,FP - FailSafe
0x35abE0036bB3bD36e1eC4F7c1A56c44066BC2bd1,137,FP - FailSafe
0xE997B605D187D9d918b9a1d191cC972Cd7a0707E,137,FP - FailSafe
0x872952323377cc602E1006adAB1c11879C273AA2,137,FP - FailSafe
0x68761E7D9C7923b19eBD37C8FbdCfFD632740A30,137,FP - FailSafe
0xE3e7fd5D708cd48dB91Ae886AC851ad092b4BB5C,137,FP - FailSafe
0x15B64D4441303aD632aCD84eb8E6da1D0F4715d1,137,FP - FailSafe
0x500F16d2D1F832915d4F9A2f6A3B817d51b817E3,137,FP - FailSafe
0x896693c0BcDAB52b96C2f549eecA3D1213d87112,137,FP - FailSafe
0x4526661507532c1A0ab33022617101A177ACBC8f,137,FP - FailSafe
0x373902b835a9f12d74B985FbaC5B7Be40BC66034,137,FP - FailSafe
0x0d4C5D9D1d2b581eC56fcb56fD205eC61BF802fc,137,FP - FailSafe
0x26F56AB8e679d49e0d03A808ac78BF26aAbcf9fF,137,FP - FailSafe
0x899e4C6e57eeAEb90E03edAAaDF0E8b34D1a88c1,137,FP - FailSafe
0xb8F208D5c2b131b03797Bb2B77ea7cAA002c1340,137,FP - FailSafe
0x43e1F9c7b14eC9656b55B0b28a2fcB23645890B1,137,FP - FailSafe
0xAbd1de36EF956F568a66cb29eE71A6c4a3667ff3,137,FP - FailSafe
0x156733055F6cE473906A8734c1b0f53B8Df1647f,137,FP - FailSafe
0x3dFd60CE550a4e4A18dc4999564E9b0dCFc65Eb8,137,FP - FailSafe
0x83224FAa73ef3A9caaf59eB6233Cf470D078E7B0,137,FP - FailSafe
0xb269Ca53fb24E75E93E9D89841af2c0070301f19,137,FP - FailSafe
0xEfE42a238622AceAF31c58D16f69982C7736A9C6,137,FP - FailSafe
0xd5d7b0439F8203108d9d9fae234bf34A12000CF8,137,FP - FailSafe
0x7F1ECf7372eB9cCbA6C4f3f61839b7c60F44618B,137,FP - FailSafe
0x5EBFcA984C4f769Cd800a9c4A70DCD7d5acF668C,137,FP - FailSafe
0xf1F1C054FE53168e2dfbDaA319E97187b2CF6293,137,FP - FailSafe
0x1d304eFcCFaAC4EE66D5Fa04e2Dd30ea395d6a66,137,FP - FailSafe
0x485Bd61885693DD15dE1730412086Eda333875a7,137,FP - FailSafe
0x5F83B2F9E8Cb9041856207852ed4c7C500ad9d33,137,FP - FailSafe
0xb86e98e11a1A261BfC915eB2793E8A48F797736b,137,FP - FailSafe
0xEf938F229b46356bB84032bEfC8F92BFa65498BA,137,FP - FailSafe
0xbaE1c7EA8C39037Ca1E88D9bAe1486a3857CE6bF,137,FP - FailSafe
0xB50F86540a4918402E73fC3643D5e13F39417c1b,137,FP - FailSafe
0x5803b6780C792B28A9f8E9F05aEA2E638f94E96f,137,FP - FailSafe
0xb82988551daCf761A72510131F731E6798096F2f,137,FP - FailSafe
0x0C94537738Cfe7aB3461afde404A2f0D82606859,137,FP - FailSafe
0xb1B2648Fbd0d552e17CD675d4decf011dECa0632,137,FP - FailSafe
0x195F4225a3Dfa24C79b335d9d8A057Bb42619f8f,137,FP - FailSafe
0x8d61972D94Bbe9e9A80895188D314EC43E620A51,137,FP - FailSafe
0xFF0c8AB0Ac0f13F7c24c140B05f011301Db0d724,137,FP - FailSafe
0xfdC43851F951B51D709545C705CD13863875C3f2,137,FP - FailSafe
0x3937CaFDA0f41609f64fA6963c45b35d5Bb05592,137,FP - FailSafe
0x61a0414b959A085104f947fFe71b407D55b0ecff,137,FP - FailSafe
0xB46151752d8aB6e0A945D0963fa127dCC6CCF83c,137,FP - FailSafe
0x7aa0C42aA8291Aa511dd6BB0316277caF90d3472,137,FP - FailSafe
0x00F4594240b5780cBc741CE620325527B15EA46B,137,FP - FailSafe
0x8FA052945bfCE5D2D95B83e57CC6e612371975dE,137,FP - FailSafe
0x50E374f10157E189865d5bCAe03747dE4c1f3C76,137,FP - FailSafe
0x277b3123ed77a6170Ad0261624E7BB76e9092B35,137,FP - FailSafe
0x85f2190BeEE0EE5425Ed02Ab1a7b8E066D940B6F,137,FP - FailSafe
0x5ACC481135DFCa89016817B1c64818BB55cE456E,137,FP - FailSafe
0xa629F411552293aE8E0DD6D1c4C98E27aD27C35f,137,FP - FailSafe
0x83DdB8805b5b95a290Fe483f16b4dBc390466377,137,FP - FailSafe
0x9F95Ae51BaDB0604DC213D814fE88Cc7Ed7a9A7d,137,FP - FailSafe
0xF311436A899291101aF33A7759d2E81958483eA8,137,FP - FailSafe
0xB8cF9d3a7C2fDc073634628fb1bc14C1a05209B3,137,FP - FailSafe
0xC28A065F62E38F3E93147E3abAad403C8B33490d,137,FP - FailSafe
0x90416c11993C94bCeb4C3FFb1bCb5b2F9168c779,137,FP - FailSafe
0x00a592CD995Ef7597A83C99B113A0F1200AeA415,137,FP - FailSafe
0x1A26d1776097D28F4149e098C4D1CbC189007A0d,137,FP - FailSafe
0x239A200AA482583AEcaDb7f7DAbE84D54e62f032,137,FP - FailSafe
0x5481881fcBb9D14da6b2B39A58633507f0Ed2124,137,FP - FailSafe
0xd40AEB84F40a070bd8f07F03f1c371D1d77067B6,137,FP - FailSafe
0x7BCC739C80827111df0109A00A60EC7077Be04be,137,FP - FailSafe
0xc7Db9fFB41C3B99f4A2Da2A848A756C38a3d2f08,137,FP - FailSafe
0x2C470C4ed534a46132a4fa9631502e23968cAd52,137,FP - FailSafe
0x26e705b5f840438F5A1D5aaC1697d39F497AD317,137,FP - FailSafe
0x73a5e68796757886e5D069B8B21A68D473331CE3,137,FP - FailSafe
0x2Be3318Cb5cC4921D2B4fe0Fdf12D3546eC4B448,137,FP - FailSafe
0x9122190DF4529F98D834323b7a6Ccd7Fa809931D,137,FP - FailSafe
0xF34272bC6A656FD679a23b475aFe0991D92ADa2f,137,FP - FailSafe
0x2c131C6E5C3820AAEc11C42118fca5828D8E56Da,137,FP - FailSafe
0xE017A774a7ee1ba8bb3014659352C25Be5a4eEc9,137,FP - FailSafe
0x55535efdc384fD7476001E6Cfe2e52a755c0d330,137,FP - FailSafe
0x918c9B1263991d0ca5078C54FB6Be3147c5b4C75,137,FP - FailSafe
0x6daDd14F580489f32EdB58b9a1acf4a673F44520,137,FP - FailSafe
0xff36281C9Ab2f79af688d1346152117A53f495D2,137,FP - FailSafe
0x1045d4B83319B8e0E940B572B4E2703f122a8Fc4,137,FP - FailSafe
0x04a20E6604D945E3fe084B6aeb97ef18f8711C93,137,FP - FailSafe
0xa78DcD7927ef877871bE3FE879980BE6C12dcec9,137,FP - FailSafe
0x13908AD2eE80A65F025E381aEe6230031ebA88fD,137,FP - FailSafe
0x23d0B5F10d766652751CE6be6387F74647a2254B,137,FP - FailSafe
0xF88893EbC4F747673EBb9BEB216131e15Db99D8e,137,FP - FailSafe
0xf9F2eb0e2c58B10F0Ac49948b9F4f2EEfD7E60Ca,137,FP - FailSafe
0x17591fDF58fD4a5708b24112504DCEE4ca704a50,137,FP - FailSafe
0x7Fb73470534eBBEE72d9b3CF5833062D48b2534E,137,FP - FailSafe
0xBB0C8F8ecf965f2377B3bC378B2ba46be8c8e19a,137,FP - FailSafe
0xb22cADA5155E44896c75B9899335aC50EA6E21D4,137,FP - FailSafe
0xce36E8A2276EE669e49E11050b122587bCbaE351,137,FP - FailSafe
0x88e1C2Ac1A8dF6021FbC493C1D73149BE65e0E2A,137,FP - FailSafe
0x60e4b067459D0AE269eF5795925eddDfe465Cc31,137,FP - FailSafe
0xeE764d6C974dF8F67302a5207Add23Ade50ca8bC,137,FP - FailSafe
0x7eBeD0e8Ac4E156083a5E75A3A39d37A930DFb89,137,FP - FailSafe
0xbB210e7a5D25283b7C3686b195f2905F1906Be74,137,FP - FailSafe
0x694b58A29532020A24a6b8523799dBe2bf4F3318,137,FP - FailSafe
0x54ca56BFDdE8Bc71b1FDC234c23d1A1167d38721,137,FP - FailSafe
0x8CC178a830e3B754691E88630F144AF79ec7306B,137,FP - FailSafe
0x69990faEF7D9642d3D6d95e93Ba133Ff4f87Db88,137,FP - FailSafe
0xA6229d88503622BBb5268Cfbf80391Cd0a8f02A0,137,FP - FailSafe
0xe2cDe5Bc796d472ffe19EDCfb3918011966bA899,137,FP - FailSafe
0xd6a59b09E7F5Cbc61528B9fc269DF1B9a4460908,137,FP - FailSafe
0xf83Cc63afd702C0D1325415e774c12d6CB5f458b,137,FP - FailSafe
0xe70fFeE9963e5FB312B31bf394fCC0A43c08774e,137,FP - FailSafe
0xcA57F0019185307F5509B6BAf0d9344a3c89C5CA,137,FP - FailSafe
0xd274B9BD5563E167955632014a2f916D82F763E5,137,FP - FailSafe
0x2971220f12FE48564F5A473336842248dC4ffd71,137,FP - FailSafe
0x2E2069e444dB80b30a04b3160bEA60a15151FFd7,137,FP - FailSafe
0xEabB0f5A2d451cc459c2D24Ac8eb10C53ED23e13,137,FP - FailSafe
0x64cA7F2F85141A69004ebC36bF17133E1edf7593,137,FP - FailSafe
0xaE8d044bB7d3F1BA49210AA5b2b4c78decd1c92F,137,FP - FailSafe
0x09055F4Ec5DCd166Be2D6eb40B6bD2BF7CB26da3,137,FP - FailSafe
0xE01fE38Aeb2d44630974930e073A1f9d62ca21f3,137,FP - FailSafe
0x6932eF56078E6266dDCdB8B71568146B55aF922f,137,FP - FailSafe
0x3900f4B9Ede1E9A97c1b307D84249F28d46E150B,137,FP - FailSafe
0x2Faf5878937b9bb493b69bA7c77329600eD6961A,137,FP - FailSafe
0xAB6484a1603193D43E4acAe96b4782994B3D688e,137,FP - FailSafe
0x4F50E0DA3aF3CBB8BAD1dCb9Acaa7936E808f139,137,FP - FailSafe
0x526beE95c8D785D94E60FBb1c7C47240Db69093D,137,FP - FailSafe
0xCaDF22c3f91Dafc2E93Afa99Fd2F00F4d511da23,137,FP - FailSafe
0xd086d12C70f1C8bB02eda344896Ec7598879B643,137,FP - FailSafe
0xD3dEB123FA443A2e8ed348894122f57B83743B2C,137,FP - FailSafe
0x2c39650988D818cd0A1E76AEd181D62C8963F86A,137,FP - FailSafe
0x9C4e9F571c65Fb229469560994af224A820c5AfD,137,FP - FailSafe
0xA324C1ddCdfB6f04D8341ce55fBF58f7dA9A85E7,137,FP - FailSafe
0xFfE776cE024396bc4F6A5D1AEd4A3F1b04aBA242,137,FP - FailSafe
0x07F71A725643d1A7199f25dE9975Dc2C2C30ec9A,137,FP - FailSafe
0xc73b2b04295305cAD2d4D17Aa74b8A240Ca2E539,137,FP - FailSafe
0xd6B4700DA9E9d120b52426393e4ae6198C52A45f,137,FP - FailSafe
0x4E1Bfa14fD5315323F6eA3877F69ED6CE5035cCE,137,FP - FailSafe
0x70544eE210a67b93E8d157F2C4F6730392Da57d4,137,FP - FailSafe
0xfE7BFA5B02a622F03Af391FA14febd84fe852F77,137,FP - FailSafe
0x308b0680d3ad92F38328De6D268f61Caa9A3aA6b,137,FP - FailSafe
0xb99a09F6065f1126746AfEa6f7AE14DA776eb203,137,FP - FailSafe
0x87D2277DAC2F6d872113a5BA54298626c8Ab8447,137,FP - FailSafe
0x9c0B133a8ca6448FD749f2dbd81AE6eD8393fe5e,137,FP - FailSafe
0x7eE1359f88037020C14CE59A841DC4d24440ab1e,137,FP - FailSafe
0xB3dc60af394c950704BE5793fe8D27700DEd146D,137,FP - FailSafe
0x230AEc45BF918c6A32A2eA04594bCaA78f2ab552,137,FP - FailSafe
0xe5638e10b121bBa41E8aDfDd3da48cF45E21F474,137,FP - FailSafe
0x5fF512aCA431209984Cd9e05B791ce64d0CAAB94,137,FP - FailSafe
0xb75a0A6Cd453A2E6E121C0d2196DF341CFf47E47,137,FP - FailSafe
0x4FC719BCc950680cF37ab7Bf25d608E02837E76f,137,FP - FailSafe
0x69fcC51c4CF7fA5847222AeC888ecB83E38492E8,137,FP - FailSafe
0x16691a36951cb4082D3F1043A2680fD508d9011B,137,FP - FailSafe
0x1E784e2f45307770c55648a8249C428B9EE1a185,137,FP - FailSafe
0x00492639E175A1e4A9b314FC7cEB20983f07D69C,137,FP - FailSafe
0x4F042F8add33fF6d69e0529faE0D35d800AD8637,137,FP - FailSafe
0x2dBd25b7c4360536271bA102D13Ff1165d61396C,137,FP - FailSafe
0xE8c6441394522319Af6a1d55AB389C3b4CBa2698,137,FP - FailSafe
0x5928884bB1245038B335aadA3A85e5F94126EEd5,137,FP - FailSafe
0x9a762D167E70156553E5fDd089dbDB7e4249903b,137,FP - FailSafe
0xC3dCd03CAFA361E4E44ebD75940907e015e5e73D,137,FP - FailSafe
0x8859fED639878965DEb813cb7eA7cbB559CC8013,137,FP - FailSafe
0x4bF4c3D672696eD70D27807b3C5679dCb9C6d2F6,137,FP - FailSafe
0xF305FF6DDeE592214c5D44a3c7b3cC89f7e61D46,137,FP - FailSafe
0xCFad637a6c8894a10423270Dc93775139870CFca,137,FP - FailSafe
0x51dE1cc42bB6Ec8b07a2041fAAca786BEEf7286F,137,FP - FailSafe
0x22A94eEd362a991866Aa1dbB0e0663e6FD920C10,137,FP - FailSafe
0x5631365133824E6eBfff2ed87a715A77725bdb27,137,FP - FailSafe
0x961B24233D132fC07dF8E7DEFC55cFD36D05Fa2B,137,FP - FailSafe
0xD7D6F53Dc7534B87E8c7E8F0171a0727c18eAAC5,137,FP - FailSafe
0xd4A3661b42F1CA228a4993709a298e82BAE60F6b,137,FP - FailSafe
0x707869756FA9F09b29FFaf9566ba0c09765799ee,137,FP - FailSafe
0x47B2c7F0d43bfd8449604b1179E3330bbf28e3f1,137,FP - FailSafe
0x8FcDD404521246e5A0Ba16e18Fc44c678dfe56BA,137,FP - FailSafe
0x2Ab320Dd8c39F4499212d7F2E79EFCe143690d45,137,FP - FailSafe
0xb735117a7eDe485CcA1A8f0961B7FC24507C538F,137,FP - FailSafe
0x7B073110B27e165365b16E2a20a7e048F7836062,137,FP - FailSafe
0xCa69C5D3cBCb2D46C9A085d101cFB6729E4A7568,137,FP - FailSafe
0xD32fe931a116225f0F15c62e0e6A3a337A473564,137,FP - FailSafe
0x0C7712189d85d87a2C28C73eDAA3EE158F83fc75,137,FP - FailSafe
0x2395Ad8273Da3691f66671b550ac13740FDF87D1,137,FP - FailSafe
0x22803B928125F36d3d11308A5e609339089f6eEA,137,FP - FailSafe
0x6eE1248c0Bf22E8Ac6b1Ae3461a6EBEeE9432224,137,FP - FailSafe
0xb4aD8eAa2a7FDD72C51041e70636D5eec25283B1,137,FP - FailSafe
0x145934B2f04153C6DA7DcbeCd82D683a83935508,137,FP - FailSafe
0xB04Bc0453EA4fAdBdaa91B776288dC97850E1E9f,137,FP - FailSafe
0x6c4F788715c42e032a3881d1FC2090CFe88507F1,137,FP - FailSafe
0x38e658877eF9f240C8A47dBb5883D9b6359137cD,137,FP - FailSafe
0x1184ccd801eaB64E1190f8C1bbA55ba0d9A8B065,137,FP - FailSafe
0x1b16c85004F4B865eF3644CC6438Cf1e1cd846B0,137,FP - FailSafe
0xCe8FC607B45d2b9432BBe1ab3609795a236Ca26B,137,FP - FailSafe
0xC6aD9E8BA2FbB449458f8d18E2363430AEAe8F78,137,FP - FailSafe
0xc816477c847f806756d2F8026556F9D8b06F262D,137,FP - FailSafe
0xb7f8cd00c5a06c0537e2abff0b58033d02e5e094,56,binance deployer
0xb913aa79a0365bc4d30c217ae2916e6e2c44c882,56,binance deployer
0x8ac76a51cc950d9822d68b83fe1ad97b32cd580d,56,binance deployer
0x7130d2a12b9bcbfae4f2634d864a1ee1ce3ead9c,56,binance deployer
0x947950bcc74888a40ffa2593c5798f11fc9124c4,56,binance deployer
0xd475c9c934dcd6d5f1cac530585aa5ba14185b92,56,binance deployer
0x1fa4a73a3f0133f0025378af00236f3abdee5d63,56,binance deployer
0x7950865a9140cb519342433146ed5b40c6f210f7,56,binance deployer
0xf8a0bf9cf54bb92f17374d9e9a321e6a111a51bd,56,binance deployer
0x250632378e573c6be1ac2f97fcdf00515d0aa91b,56,binance deployer
0x3d6545b08693dae087e957cb1180ee38b9e3c25e,56,binance deployer
0xfb6115445bff7b52feb98650c87f44907e58f802,56,binance deployer
0xbf7c81fff98bbe61b40ed186e4afd6ddd01337fe,56,binance deployer
0x2791bca1f2de4661ed88a30c99a7a9449aa84174,137,polygon deployer
0xdd277b589804de50560ec5bd3562fc00aaecf325,1,Inbox - Boost
0x10ed43c718714eb63d5aa57b78b54704e256024e,56,PancakeSwap V2 Router
0x515a6c0e816f1096a5eaaf2b0516b9738c137c8c,1, normal address
0xa0e14b89515a50cd5c4ae519ce94490d4ea436b6,1, normal address
0x679812f0f3cb070182cb780bd0a3b6fb44030b02,1, normal address
0xa15c16b9a5cb0218afdfbf5005221f5117d584d3,1, basket DAO deployer
0xad4c4d7f06ff5990ea6e1c20b6050ff0fa5ed597,1, Zksynk
0xCda361f988fD071D61aeC65584E43eB269ad0dE2, 1, Treasury wallet address of Ethlas holding ELS tokens
0x46b3fdf7b5cde91ac049936bf0bdb12c5d22202e, 137, Linea swaps contract official
0xaa95f26e30001251fb905d264aa7b00ee9df6c18, 1, Kendu Inu token
0x00000000005BBB0EF59571E58418F9a4357b68A0, 1, Pendle
0x1fccc097db89a86bfc474a1028f93958295b1fb7, 1, Pendle
0x14187a73A131fb66D38aA55889ce994311b99536, 1, Lyra
0x964840644B88C583500F473E4B829Ab629aF96A8, 5000,  Pendle
0xED97f94dd94255637A054098604E0201C442a3FD, 1,  Pendle
0x7f531a70A240Fba0e40169E56EedE1C6B7Ef8463, 1,  Pendle
0x987d9E19D79AFb5508201B50Ac920F119688e8E5, 1,  Pendle
0x6F02C88650837C8dfe89F66723c4743E9cF833cd, 42161,  Pendle
0x808507121b80c02388fad14726482e061b8da827, 1,  Pendle
0x11C603EdBF3bA83D81B91069978dd5Ac57334c65, 42161,  Pendle
0x37fEc7b2f36f3bbAe956262F46ddF21830fa68ef, 1,  Pendle
0x0D29182b7b663A967c5c41f03FC478c075fD4A1E, 42161,  Pendle
0x445D25a1c31445Fb29e65d12DA8E0eea38174176, 1,  Pendle
0xcA71E00e364BB033371a7F61f3F6B803b06e9fC4, 42161,  Pendle
0x438C7dBA7d355aA0c77459AF38B2E62f9f9EccBf, 10,  Pendle
0x9014F29610E904c8269726c74ebc79f5d512DAfD, 1,  Pendle
0x83d85AEDD308261d847C3eb8d7146457bD8F38E8, 42161,  Pendle
0x70ee0A6DB4F5a2Dc4d9c0b57bE97B9987e75BAFD, 1,  Pendle
0xc4A9d8b486f388CC0E4168d2904277e8C8372FA3, 10,  Pendle
0xa5fD0E8991bE631917D2d2B2d5dACfD7bFef7876, 1,  Pendle
0xE6D4986Cd935529FC4505d48E926bcd36A58A0F0, 1,  Pendle
0xc02aaa39b223fe8d0a0e5c4f27ead9083c756cc2, 1,  Pendle
0xb6319cC6c8c27A8F5dAF0dD3DF91EA35C4720dd7, 5000,  Pendle
0xcbC72d92b2dc8187414F6734718563898740C0BC, 1,  Pendle
0x27b1dAcd74688aF24a64BD3C9C1B143118740784, 1,  Pendle
0xed18de5442297a4ec1ce59c7c7d9427adc2a012b, 56,  Pendle
0xf5a7De2D276dbda3EEf1b62A9E718EFf4d29dDC8, 42161,  Pendle
0xeb83006b0aADdD15AD8AFbebE2f4e0937f210673, 1,  Pendle
0x63a45E0B2686F7be77Bb85735c35704D1046459a, 42161,  Pendle
0x17BE998a578fD97687b24E83954FEc86Dc20c979, 1,  Pendle
0xAc0650178E8bE0c26B25673618C7BE465A40AaF9, 1,  Pendle
0xbFA3aAD535e1b996396698f89FFeC7ada0df17E8, 42161,  Pendle
0xf875f32648BE14d04e0Df4a977Afd4290DD92713, 42161,  Pendle
0xA28c08f165116587D4F3E708743B4dEe155c5E64, 10,  Pendle
0xb7631b93189900745Db51d960Ba64b8E6C658843, 1,  Pendle
0x6a0Ed0A9193FCBe7ae9B0F3D90F88e365Cca64fC, 42161,  Pendle
0xBC7B1Ff1c6989f006a1185318eD4E7b5796e66E1, 10,  Pendle
0xfbd85BF7A1E1bec0da6D12964B8c05471aE8f048, 1,  Pendle
0x5eC5033a44ffb6f21DA3A4f4CCe4163485D61747, 56,  Pendle
0xd1D7D99764f8a52Aff007b7831cc02748b2013b5, 1,  Pendle
0xdd68f5D26Bf1182d6b241108bfC01f95C030502b, 1,  Pendle
0xf176fB51F4eB826136a54FDc71C50fCd2202E272, 42161,  Pendle
0xb3b61D1587C05eADEC579b616c45939F19435703, 1,  Pendle
0xfb8f489df4e04609F4f4e54F586f960818B70041, 1,  Pendle
0xf99985822fb361117FCf3768D34a6353E6022F5F, 1,  Pendle
0xDcdC1004d5C271ADc048982d7EB900cC4F472333, 42161,  Pendle
0x248241244356D18f63d0c16082996839ecB0C7bF, 1,  Pendle
0x0E8Ba474FCB6581059C61c328a21CFa285C7Cee7, 56,  Pendle
0xcb6Ea7fddFdf2AFc2Bc6Bf715185A33F8E27B96b, 1,  Pendle
0x79d7a5e8b130eEf1e022b3EDEE4DAF226DC168CA, 10,  Pendle
0xf2ce61699660f0f5800bA7D962741bA582d7346B, 1,  Pendle
0x07b1014c88f14C9E910092526db57A20052E989F, 1,  Pendle
0x080f52A881ba96EEE2268682733C857c560e5dd4, 56,  Pendle
0xC4ed348c56223C5953939e932E315F9d72Cd83fF, 1,  Pendle
0x068DEf65B9dbAFf02b4ee54572a9Fa7dFb188EA3, 42161,  Pendle
0x90c98ab215498B72Abfec04c651e2e496bA364C0, 1,  Pendle
0x2700ADB035F82a11899ce1D3f1BF8451c296eABb, 56,  Pendle
0x0ED3A1D45DfdCf85BCc6C7BAFDC0170A357B974C, 1,  Pendle
0xD8F12bCDE578c653014F27379a6114F67F0e445f, 1,  Pendle
0x2CCFce9bE49465CC6f947b5F6aC9383673733Da9, 42161,  Pendle
0xBBd395D4820da5C89A3bCA4FA28Af97254a0FCBe, 1,  Pendle
0xb253Eff1104802b97aC7E3aC9FdD73AecE295a2c, 1,  Pendle
0xd4e75971eAF78a8d93D96df530f1FFf5f9F53288, 1,  Pendle
0x7dc07C575A0c512422dCab82CE9Ed74dB58Be30C, 5000,  Pendle
0xFafA2b178cB40Ac28E034548D9ba6085bcc5CA28, 42161,  Pendle
0x8903dBFFcA66b3Fbc027aC81912ea64Fa61A5219, 1,  Pendle
0xe82db015E01E93381991d14b5bAA30fE73bb3240, 1,  Pendle
0x9afd337e41f59e5c2e6f2be05f32e958a4dbcd9a, 1,  Pendle
0x7d372819240D14fB477f17b964f95F33BeB4c704, 1,  Pendle
0x5a04b737D770Ed478cb9b65D1864c24d2E9Ca227, 10,  Pendle
0xE02C61247185883f499BD834250093d6bca0DB77, 1,  Pendle
0x7877AdFaDEd756f3248a0EBfe8Ac2E2eF87b75Ac, 42161,  Pendle
0xA28c08f165116587D4F3E708743B4dEe155c5E64, 1,  Pendle
0xd0c4351a18F40b96b6446Da3A191496DF36d60F9, 42161,  Pendle
0x6c9f097e044506712B58EAC670c9a5fd4BCceF13, 1,  Pendle
0xBf1E6E67cE2Bd8da1ea7342354126b59B46d4000, 56,  Pendle
0xb4460e76D99eCaD95030204D3C25fb33C4833997, 1,  Pendle
0xE58AfaA6E2abF9A9F243D5A55Bd5447628c4D811, 42161,  Pendle
0xC40fEbF5A33b8C92B187d9be0fD3fe0ac2E4B07c, 56,  Pendle
0xD7c9e1B4f21cA8e192d831496f09938b4eda7790, 1,  Pendle
0xf86DDA825885674F85C5420079E1Df1bC0F372c6, 56,  Pendle
0xB2eEA27aF50030A445418553c4892065cf3a720a, 56,  Pendle
0xCb611D0BD02a74C491B75d51D6EA5558f1887Da3, 1,  Pendle
0x997FBC511a8Ad11F84a400feACD66E2A3fa805d2, 1,  Pendle
0x5eC2ae0AFDEc891E7702344dc2A31C636B3627Eb, 56,  Pendle
0x4139cDC6345aFFbaC0692b43bed4D059Df3e6d65, 1,  Pendle
0x35C16314D6Ee4753289E5cC15A5C5E1Dd4eaD345, 56,  Pendle
0x4A2B38b9cBd83c86F261a4d64c243795D4d44aBC, 10,  Pendle
0x9523F7e527f8AE884DFb0a38F611AA7417Fd2845, 1,  Pendle
0x69ddf9Ce5568EfA913f1eA601Ed298ccfeBfC811, 42161,  Pendle
0x2b3EC64160F658fFe7061769415Ff080fca80BbA, 56,  Pendle
0x952083cde7aaa11AB8449057F7de23A970AA8472, 42161,  Pendle
0xdc02b77a3986da62C7A78FED73949C9767850809, 1,  Pendle
0xAdB09F65bd90d19e3148D9ccb693F3161C6DB3E8, 42161,  Pendle
0x888888888889758F76e7103c6CbF23ABbF58F946, 5000,  Pendle
0x66317Dec4a3d8d1e47b85f704E5DF675a68BB7C9, 56,  Pendle
0xf94A3798B18140b9Bc322314bbD36BC8e245E29B, 1,  Pendle
0xba567Cf0d8230c0AD8D8bFc50E587E06d6F118E9, 5000,  Pendle
0x3025680925349c9C01c0F01cf300EC963832ec64, 1,  Pendle
0x9F72a06084EdD040E973C32Bf026b1ACf65db9aB, 5000,  Pendle
0xeEE8aED1957ca1545a0508AfB51b53cCA7e3c0d1, 1,  Pendle
0xF065e0f7AFA89DF5f2a8a109239C809f115129AE, 42161,  Pendle
0x40357b9f22B4DfF0Bf56A90661b8eC106C259d29, 1,  Pendle
0xC58aa33Ce619c7f7Ac4929DF357D0Ef762edbD23, 1,  Pendle
0x1e3d13932C31d7355fCb3FEc680b0cD159dC1A07, 1,  Pendle
0xfd6Df9EFACfEfdF4E610d687A9c9b941D1b1Bf75, 1,  Pendle
0xE05082B184a34668CD8A904D85FA815802BBb04c, 1,  Pendle
0xdF74bA4436478969A54eCB352093312fE97EBAa5, 1,  Pendle
0x2CF5Eb8dB83C9752125D5d961C4C9DfaA9178d1A, 1,  Pendle
0x6EA328bf810ef0F0bD1291Eb52f1529aA073cEfa, 42161,  Pendle
0xa6C895EB332E91c5b3D00B7baeEAae478cc502DA, 42161,  Pendle
0x677885afde857b70f40741ff8B60F9aFbA95Dd49, 1,  Pendle
0xAF699fb0D9F12Bf7B14474aE5c9Bea688888DF73, 42161,  Pendle
0x129e6B5DBC0Ecc12F9e486C5BC9cDF1a6A80bc6A, 1,  Pendle
0x438C7dBA7d355aA0c77459AF38B2E62f9f9EccBf, 42161,  Pendle
0xd5C47D2383Fddc19596489280C0A33AC42b2bB18, 10,  Pendle
0xa87f7EeDD570943BcFFcE6D00B13D9a95ede8810, 5000,  Pendle
0x90f1935f733dd8826dca2bd01ccfc600f20e978e, 1,  Pendle
0x40Ae6da2d92aa3DCb7f8d7a7209FD12BDfcb7C85, 56,  Pendle
0x1FcCC097db89A86Bfc474A1028F93958295b1Fb7, 5000,  Pendle
0x269f3E230C90C0a29140106D4cFB5860aF6F6827, 56,  Pendle
0xcB71c2A73fd7588E1599DF90b88de2316585A860, 1,  Pendle
0x998CF52b2585e05494BF9F2bF502351a9C7FdA8f, 56,  Pendle
0x9a9fa8338dd5e5b2188006f1cd2ef26d921650c2, 10,  Pendle
0xe6fe6e1f6ef1de6a21cd752e805f953673a7c0f0, 1,  Pendle
0x18bAFcaBf2d5898956AE6AC31543d9657a604165, 1,  Pendle
0xd1434df1E2Ad0Cb7B3701a751D01981c7Cf2Dd62, 1,  Pendle
0x1524b28167a54C5Daef3d1A511A31436ACC91ed0, 1,  Pendle
0xb7ffe52EA584d2169Ae66e7F0423574A5E15056F, 42161,  Pendle
0x5220E1Ef8CE83Aa9fE0CCE1b8395cD698d04bc7E, 42161,  Pendle
0x4AfdB1B0f9A56922e398D29239453e6A06148eD0, 1,  Pendle
0xa42374d76d4b7cf95c2c1e3661537d8c89f68ffa, 1,  Pendle
0x3c2269811836af69497E5F486A85D7316753cf62, 56,  Pendle
0xC112B12aDDc11f988AbC1AAfb47e4C2F62fb6070, 1,  Pendle
0x5a04b737D770Ed478cb9b65D1864c24d2E9Ca227, 42161,  Pendle
0x2FDc424946AA72D42E2F897447d7c335E64845F0, 42161,  Pendle
0x30c98c0139B62290E26aC2a2158AC341Dcaf1333, 42161,  Pendle
0xF18011766Cf11D905e93ed5626838d44c7FA14B7, 42161,  Pendle
0x9946C55a34CD105f1e0CF815025EAEcff7356487, 1,  Pendle
0x233D32d4D33eD5F2D6b8544137c8836249de372F, 1,  Pendle
0xdd4C7313Fe4C92e043B9B7dFE433e239BcD05A0D, 42161,  Pendle
0x58F50De493B6bE3585558F95F208dE489C296E24, 42161,  Pendle
0x6b4740722e46048874d84306B2877600ABCea3Ae, 1,  Pendle
0xb7631b93189900745Db51d960Ba64b8E6C658843, 56,  Pendle
0x8491F9a5Ba93ab2def499d956fd7CaAf1e9f6040, 42161,  Pendle
0xc0dd85720E3Bc7959890127b5d3Af2D29f6C74f4, 1,  Pendle
0x5A4e68E1F82dD4eAFBda13e47E0EC3cc452ED521, 42161,  Pendle
0x7786729eEe8b9d30fE7d91fDFf23A0f1D0C615D9, 1,  Pendle
0x766FFd36125cE45bdfcA913517ecF25A828996b4, 42161,  Pendle
0x462206b11d185ef6F64B41D344325401C37EC335, 42161,  Pendle
0xf0E4244Ca93Ac36752DA5939Afd9CB73B0637b06, 1,  Pendle
0x5B9e411c9E50164133DE07FE1cAC05A094000105, 5000,  Pendle
0xb5Cd090010D4735f18306EB680D898eF9F36F044, 1,  Pendle
0xbFA3aAD535e1b996396698f89FFeC7ada0df17E8, 1,  Pendle
0xa5D0d71cB2601d7082E1c39cF1B6f131Bf866a33, 1,  Pendle
0x0dE802e3D6Cc9145A150bBDc8da9F988a98c5202, 42161,  Pendle
0x8D164E0C662C9E199baaC9E97b6A8664c75700EA, 42161,  Pendle
0x539fd510fE352CC81822a222F821c340133Ed41C, 1,  Pendle
0x73Be47237F12F36203823BAc9A4d80dC798B7015, 56,  Pendle
0x6a0Ed0A9193FCBe7ae9B0F3D90F88e365Cca64fC, 1,  Pendle
0x38100A480dBED278B0fe57bA80a75498a7dC5bB1, 1,  Pendle
0x19588F29f9402Bb508007FeADd415c875Ee3f19F, 1,  Pendle
0x6f14d3cD37a0647a3eE60eb2214486f8A1CDdccc, 42161,  Pendle
0xCf602767e9c82194DaF58EB67a3169d60DbAaC62, 42161,  Pendle
0x7C2D26182adeEf96976035986cF56474feC03bDa, 1,  Pendle
0xAA92Ea52612fA5ee5aba5510682485c19750CB82, 10,  Pendle
0xba1F509C6E5f1f6a529Ecc0913b27658a678B4b9, 42161,  Pendle
0x24fB77c8C776C75F869BC65e6856AF56f57d919F, 10,  Pendle
0xF77205F5A1eEab54555B13B231fa5e4e0Cf2fC1c, 1,  Pendle
0xe822AE44EB2466B4E263b1cbC94b4833dDEf9700, 42161,  Pendle
0xfE49069d05d0d65559735FD74219460a11425bf0, 42161,  Pendle
0x5282Ec643C3790E0F781508162a4Aa13fd09C528, 1,  Pendle
0x0Ba11DEe8b63f08EA25d0cc733601e8C15325a8D, 1,  Pendle
0x2084b373979415Bc93190071AF3390F92DcDD189, 1,  Pendle
0x8c28D28bAd669afadC37b034A8070D6d7B9dFB74, 1,  Pendle
0x47BA20283Be4d72D4AFB1862994F4203551539C5, 1,  Pendle
0x23a102e78D1FF1645a3666691495174764a5FCAF, 42161,  Pendle
0xD0354D4e7bCf345fB117cabe41aCaDb724eccCa2, 1,  Pendle
0xAE602e0560Fd3aDE52d4E94D1cDbe63E61019693, 42161,  Pendle
0xD5AabeDA88c31858E5f60905185f8697bE185e55, 42161,  Pendle
0x158b791a17956925a2bc55c37b0daf8c3ace4549, 1,  Pendle
0xC5b5d60EccB76C4a53F7DBE7cE3cb5D92557EFfF, 42161,  Pendle
0x256Fb830945141f7927785c06b65dAbc3744213c, 1,  Pendle
0x99e9028e274FEAFA2E1D8787E1eE6DE39C6F7724, 42161,  Pendle
0x428f2f93afAc3F96B0DE59854038c585e06165C8, 5000,  Pendle
0x5cb12D56F5346a016DBBA8CA90635d82e6D1bcEa, 1,  Pendle
0x3d622b0ac50552d6283C7efE6EAdfc98aD0f6cB7, 5000,  Pendle
0x14FbC760eFaF36781cB0eb3Cb255aD976117B9Bd, 42161,  Pendle
0x000000000000c9B3E2C3Ec88B1B4c0cD853f4321, 5000,  Pendle
0xa3d74DB1cB054b67A6684f76AaF1305252481c6A, 5000,  Pendle
0x87be82bBd3e6f1c0871001f8EB4C12b60462c835, 1,  Pendle
0xc69Ad9baB1dEE23F4605a82b3354F8E40d1E5966, 1,  Pendle
0x025417aF44EBe9521b80187514e92F6093dE78bE, 1,  Pendle
0x0869055C098Fe927E1816CAAfb16E9133e5258FE, 1,  Pendle
0x6ee2b5E19ECBa773a352E5B21415Dc419A700d1d, 1,  Pendle
0x04eb6B56ff53f457c8E857ca8D4fbC8d9a531c0C, 56,  Pendle
0x0E669e08bd717d7F9c9DE158636BD8561295fbB5, 56,  Pendle
0x2CDB89969A8C206624C1173D1da3284B26dcB03d, 1,  Pendle
0x1e8b6Ac39f8A33f46a6Eb2D1aCD1047B99180AD1, 1,  Pendle
0xd1F7d5fec6EB532847e552269c905Ac489992Ef6, 42161,  Pendle
0xdf7083f2A0F8a191ab5eEAFebE92ED21cD3Dd915, 1,  Pendle
0xf6A865c4B9b087fFDd1e0DF8b5Dbb89Ee3546f49, 1,  Pendle
0x318EEC91f653cA72fAFB038f9AD792A6bC0d644C, 42161,  Pendle
0x8267fdabd1b8C8645138f2dE5B0fe24988DC9820, 1,  Pendle
0xfb35Fd0095dD1096b1Ca49AD44d8C5812A201677, 1,  Pendle
0xf31B528d724354575c0c65Ab17D6dEcde29d2900, 42161,  Pendle
0x9DbD1fC6D2731ebD42a5E5B8e268bFA7C68980Ae, 42161,  Pendle
0x2bEa6BfD8fbFF45aA2a893EB3B6d85D10EFcC70E, 56,  Pendle
0x8225dD26DdFaaa321E5388e0F4C090Ba16217c21, 1,  Pendle
0x1FcCC097db89A86Bfc474A1028F93958295b1Fb7, 56,  Pendle
0x56b70AC3a6Ae850F6AEE67591d1bB86895Ba211E, 56,  Pendle
0xC8eDd52D0502Aa8b4D5C77361D4B3D300e8fC81c, 1,  Pendle
0x1102fE0A9ae3b82e41B60F42201dbFf466a9792c, 42161,  Pendle
0x1C3330F1886D8B7eEC8af75C66fB6Fd6CCbe28b5, 42161,  Pendle
0x9D090Ef4Aafd0ACB821113a7689d5794e50bD047, 42161,  Pendle
0xb359F0A97Ca269Ae5574dc75be48b0e81eFD1dA2, 1,  Pendle
0x22B9E6f6C462BB0B03f76d3A8246950d95f03692, 42161,  Pendle
0xb3Ed0A426155B79B898849803E3B36552f7ED507, 56,  Pendle
0xb3c0f96c4208185cC22Afd1b7CF21F1dabd9648A, 5000,  Pendle
0x86a0ADF389Ba99006633978dDd43c5aa711DDF3E, 1,  Pendle
0x2b3EC64160F658fFe7061769415Ff080fca80BbA, 5000,  Pendle
0x438C7dBA7d355aA0c77459AF38B2E62f9f9EccBf, 1,  Pendle
0x293C6937D8D82e05B01335F7B33FBA0c8e256E30, 1,  Pendle
0xd27B18915e7acc8FD6Ac75DB6766a80f8D2f5729, 5000,  Pendle
0x8903dBFFcA66b3Fbc027aC81912ea64Fa61A5219, 56,  Pendle
0x253008ba4aE2f3E6488DC998a5321D4EB1a0c905, 1,  Pendle
0x17F100fB4bE2707675c6439468d38249DD993d58, 10,  Pendle
0x988B6914866e2ad9Dc9b034387636D2641f79AA3, 1,  Pendle
0xe9e114d1b119bbdeb7a35e1ce3c82db01622ada2, 42161,  Pendle
0x9ADDde3a8819c2eED4E5113B7aA1cecf4096BEc3, 42161,  Pendle
0x9afd337e41f59e5c2e6f2be05f32e958a4dbcd9a, 56,  Pendle
0x722a6031d5976fc61fA952A02160406960969927, 42161,  Pendle
0x1e56299ebc8a1010cec26005d12e3e5c5cc2db00, 42161,  Pendle
0xF4225F061E5E01aA59DE5E615729A9180301EB07, 10,  Pendle
0xD7DF7E085214743530afF339aFC420c7c720BFa7, 1,  Pendle
0x4f30A9D41B80ecC5B94306AB4364951AE3170210, 1,  Pendle
0xf617792eA9Dceb2208F4C440258B21d2f3FdB9A3, 42161,  Pendle
0x369751A0b33DF3adE5e2eE55e7bB9556B10F390C, 42161,  Pendle
0x15fA86404BFbA8b46684552F792558128bFB6418, 1,  Pendle
0xfB2A7AC0372C2425c273932f8d438518402A873E, 42161,  Pendle
0xA53ad7E3A87546CCa450992d54d517c3C939c2BF, 1,  Pendle
0xE653E4048620E546AFff02D3689678896d22e236, 1,  Pendle
0x66A71Dcef29A0fFBDBE3c6a460a3B5BC225Cd675, 1,  Pendle
0x439B4d66255eFf74e621FBacb00D7162b588Ff4b, 56,  Pendle
0x644f83C584E9B109518726d5bEa3FF615548f88b, 42161,  Pendle
0xAFD22F824D51Fb7EeD4778d303d4388AC644b026, 42161,  Pendle
0x8EA5040d423410f1fdc363379Af88e1DB5eA1C34, 42161,  Pendle
0xd77E9062c6DF3F2d1CB5Bf45855fa1E7712A059e, 56,  Pendle
0x1FcCC097db89A86Bfc474A1028F93958295b1Fb7, 10,  Pendle
0xA99A4329c49369fB41e6CB6852535Bbf3d4f749b, 1,  Pendle
0xa2D5eb975E20205AcCC3C1a1EFAb43e99070de1A, 1,  Pendle
0x9Ba9D392bE8b4CA159b1934E531D13Ad66dA023C, 1,  Pendle
0xe49269B5D31299BcE407c8CcCf241274e9A93C9A, 56,  Pendle
0xd16cb4138a0f09885defdbc1fe4a65a8f2fb3950, 1,  Pendle
0x888888888889758F76e7103c6CbF23ABbF58F946, 10,  Pendle
0x462206b11d185ef6F64B41D344325401C37EC335, 10,  Pendle
0x997FBC511a8Ad11F84a400feACD66E2A3fa805d2, 56,  Pendle
0xA9355a5d306c67027C54De0e5a72df76Befa5694, 1,  Pendle
0x54a2c0dCf15d70FE0F3D02aDDc4be0bC93625A65, 42161,  Pendle
0x81f2c7b56f34290D2261F15883F2F80d78981b68, 42161,  Pendle
0x70c1138B54ba212776d3A9d29b6160C54C31cd5d, 56,  Pendle
0x9eC4c502D989F04FfA9312C9D6E3F872EC91A0F9, 1,  Pendle
0x704478Dd72FD7F9B83d1F1e0fc18C14B54F034d0, 56,  Pendle
0xEDa1D0e1681D59dea451702963d6287b844Cb94C, 56,  Pendle
0xd7E0809998693fD87E81D51dE1619fd0EE658031, 1,  Pendle
0x880cC97A7222C6b7Ed77232143a220fd2dcB3004, 1,  Pendle
0x0A21291A184cf36aD3B0a0def4A17C12Cbd66A14, 42161,  Pendle
0x0a0E172511114456EC63A85FF32E45C5e0E27D63, 1,  Pendle
0x0ed2954AB05E59Ea63338e2a0c08C8316F245466, 42161,  Pendle
0xF28Db483773E3616DA91FDfa7b5D4090Ac40cC59, 42161,  Pendle
0xD228EC1f7D4313fe321fab511A872475D07F5bA6, 5000,  Pendle
0xf9F9779d8fF604732EBA9AD345E6A27EF5c2a9d6, 42161,  Pendle
0x4c43F75F34BF34D3DB3fc3841845d2b69A5eB6A3, 42161,  Pendle
0x000000000000c9B3E2C3Ec88B1B4c0cD853f4321, 56,  Pendle
0x7588C74473a84d7Fa87Bec375B408e3402f7fdb9, 42161,  Pendle
0x5935cEdD7D33a32cD60e0F97cFf54A6Bbdbe7Eee, 1,  Pendle
0x16e1Ad37bAdc81BC08e8aC0E9d4ac1000836C8a0, 1,  Pendle
0xa0021EF8970104c2d008F38D92f115ad56a9B8e1, 1,  Pendle
0xb7631b93189900745Db51d960Ba64b8E6C658843, 5000,  Pendle
0xfd6Df9EFACfEfdF4E610d687A9c9b941D1b1Bf75, 56,  Pendle
0x5a04b737D770Ed478cb9b65D1864c24d2E9Ca227, 1,  Pendle
0xd044Ee6D5dD9E9e4f6E3e81d1DF3ADB8adabAba0, 1,  Pendle
0x8f7627bD46B30E296Aa3AAbe1dF9Bfac10920B6E, 1,  Pendle
0x30e0dC9a1D33EAc83211a1113de238b3Ce826950, 1,  Pendle
0x7d54A138835C66cb930aaF66C6007B3FC5bc731c, 1,  Pendle
0xFcbAe4635CA89866F83Add208eCcEec742678746, 1,  Pendle
0xCAd502Bb55d1A3F79952F969BFF3f011CF30a94a, 5000,  Pendle
0x34349c5569e7B846c3558961552D2202760A9789, 1,  Pendle
0x539fd510fE352CC81822a222F821c340133Ed41C, 56,  Pendle
0x5C4110eD760470f79E469a901Bd6fb45a65BE0F4, 42161,  Pendle
0xBa4A858d664Ddb052158168DB04AFA3cFF5CFCC8, 42161,  Pendle
0x330c4DD05dB16db6323505262C57CFdE5f0A78Ea, 1,  Pendle
0xE972D450ec5b11b99D97760422e0E054Afbc8042, 10,  Pendle
0xfe2d379117895fa6144b209c13894a17ab18c86c, 1,  Pendle
0xcef75d0914d183c8eadfafaea9dfef688aaffcf3, 42161,  Pendle
0x27255F9aFF1868A8eFB1182471F4De2121946Fd0, 56,  Pendle
0x46B7f43137e4996B40Ad7E55C791949Cc3e7C734, 1,  Pendle
0x386Bf9105eF88e79fb8CA53dCC9a4E6f04BE0102, 1,  Pendle
0x462206b11d185ef6F64B41D344325401C37EC335, 1,  Pendle
0x4200000000000000000000000000000000000006, 10,  Pendle
0xACcd9A7cb5518326BeD715f90bD32CDf2fEc2D14, 42161,  Pendle
0xAa2c552279a394c9b0F4b668C288691c5B296182, 42161,  Pendle
0x438C7dBA7d355aA0c77459AF38B2E62f9f9EccBf, 5000,  Pendle
0x96A528f4414aC3CcD21342996c93f2EcdEc24286, 10,  Pendle
0x8138E8cAC470Dc963437b055834B54D56d6d6a29, 42161,  Pendle
0x730A5E2AcEbccAA5e9095723B3CB862739DA793c, 1,  Pendle
0x2591bC78d50d777CAC68AedDA0e8BC928A89A538, 42161,  Pendle
0x6382276be546b4816a72a9ef08c52575e569dda0, 42161,  Pendle
0xcb166f0148Ae815313039d735E28FCeC617B21Fe, 1,  Pendle
0xaa68CA9C69a4ff22203cE189Ce4448d7401875E8, 1,  Pendle
0x07fA8F8d7F7969520955eE3e8A45FbEd451b43FA, 42161,  Pendle
0x4AE5411F3863CdB640309e84CEDf4B08B8b33FfF, 1,  Pendle
0xc79d8a2aa6d769138e599d4dbc30569c9870a6ee, 42161,  Pendle
0x3803D89c31dE8B7DEf55C86f2469A5ea4Db41B92, 42161,  Pendle
0x29deaEE5413a07C933C15B37d7deB6Eb744Ba9C8, 42161,  Pendle
0x20c8Cf9714339fd018898cB5De84c089e48d1c87, 1,  Pendle
0xB2075aeEd11C2D261c3D80c957F495D18cF874ed, 1,  Pendle
0xa0192f6567f8f5DC38C53323235FD08b318D2dcA, 42161,  Pendle
0x5Ae176BbcB9A4461aEEeb97c90C2a80c2078006a, 1,  Pendle
0x5C30d3578A4D07a340650a76B9Ae5dF20D5bdF55, 5000,  Pendle
0x3c0f8F070E6400C1C4eD10CfF85dE4c643b66bd3, 42161,  Pendle
0xe26D7f9409581f606242300fbFE63f56789F2169, 1,  Pendle
0x04B7Fa1e727d7290D6E24fA9b426d0c940283a95, 1,  Pendle
0xcE0BD0De35A39508916e1f63fBdaf15221c66d18, 1,  Pendle
0xa99a4329c49369fb41e6cb6852535bbf3d4f749b, 1,  Pendle
0xbFA3aAD535e1b996396698f89FFeC7ada0df17E8, 56,  Pendle
0x35f3dB08a6e9cB4391348b0B404F493E7ae264c0, 42161,  Pendle
0xd7e810aEd2988B8A7eA0187d55C939110b178521, 42161,  Pendle
0xAf86Da90A5C1e1a41Be3b944b16944081087b7Aa, 1,  Pendle
0xd810362556296c834E30C9A61d8e21a5cf29eAb4, 1,  Pendle
0x05320f5FF1748BC792C42Ed7eeA2906bA6d9D335, 10,  Pendle
0x0052B6096f8c1DCBEfB9ba381EB6b67479b5c56b, 42161,  Pendle
0x93f94f1aDFa5f39E7f4C92f0e35c60d66EB5C3F6, 42161,  Pendle
0x30d1dBD3CC0bD3217fA048596a7cd6932D205438, 5000,  Pendle
0x9a9fa8338dd5e5b2188006f1cd2ef26d921650c2, 1,  Pendle
0xC9beCdbC62efb867cB52222b34c187fB170379C6, 1,  Pendle
0x0a26e7ab5c554232314a8d459eff0ede72333f08, 1,  Pendle
0x05735B65686635F5C87AA9D2dae494Fb2E838f38, 42161,  Pendle
0x6cf80d52e1724437c509a9729719ac9b566ca19f, 1,  Pendle
0x8903dBFFcA66b3Fbc027aC81912ea64Fa61A5219, 5000,  Pendle
0x60D1AfD87c5Ab1a13E27638f1e75277fEbF4908C, 1,  Pendle
0x60CceFd60bA522f9221f122BB80A1e8cbAB9285F, 1,  Pendle
0x8621c587059357d6C669f72dA3Bfe1398fc0D0B5, 42161,  Pendle
0x9afd337e41f59e5c2e6f2be05f32e958a4dbcd9a, 5000,  Pendle
0x1FcCC097db89A86Bfc474A1028F93958295b1Fb7, 42161,  Pendle
0x964B6D486a89025e5557a5aF3b4CC100A3F9734c, 56,  Pendle
0x93a82F3873e5b4fF81902663C43286d662F6721C, 1,  Pendle
0xD393D1dDd6B8811A86D925F5E14014282581bC04, 1,  Pendle
0xA28c08f165116587D4F3E708743B4dEe155c5E64, 5000,  Pendle
0x887bdD18D042A85b9c702698eFE71E1C38d5C868, 1,  Pendle
0x7a493be5c2ce014cd049bf178a1ac0db1b434744, 1,  Pendle
0xb655B156816DD7bA76D99435db845E5E55B2bF49, 1,  Pendle
0x4a8E64c3A66ce0830e3bf2ea7863b013Aa592114, 42161,  Pendle
0x888888888889758F76e7103c6CbF23ABbF58F946, 42161,  Pendle
0xF32e58F92e60f4b0A37A69b95d642A471365EAe8, 1,  Pendle
0xD547d9C74314F787aFFc587d101146e1663d046e, 1,  Pendle
0x440d08d85cb12352DaBac2971De81e9be702d239, 1,  Pendle
0x1B33c8D479Ce5596fF9756a3010E70a7412938E2, 42161,  Pendle
0xDe364a895D4EC08c05A34F6883A8E41C15619Ed8, 1,  Pendle
0xc0Cf4b266bE5B3229C49590B59E67A09c15b22f4, 42161,  Pendle
0x24e4Df37ea00C4954d668e3ce19fFdcffDEc2cF6, 42161,  Pendle
0x56051f8e46b67b4d286454995dbc6f5f3c433e34, 42161,  Pendle
0x8db42af6b2de9e8aee47f3423570d8e9c3873796, 1,  Pendle
0xd351de53277c4218CC29f793263FB60E2fcFC1dC, 1,  Pendle
0x875F154f4eC93255bEAEA9367c3AdF71Cdcb4Cc0, 42161,  Pendle
0x90f1935f733Dd8826DcA2Bd01ccFc600F20E978E, 1,  Pendle
0x1BCBDB8c8652345A5ACF04e6E74f70086c68FEfC, 1,  Pendle
0x1c085195437738d73d75DC64bC5A3E098b7f93b1, 1,  Pendle
0x96F77F24b3d17166FcaF3a9E3B8330fF38B966F9, 56,  Pendle
0xAC0047886a985071476a1186bE89222659970d65, 1,  Pendle
0x997FBC511a8Ad11F84a400feACD66E2A3fa805d2, 5000,  Pendle
0x1255638EFeca62e12E344E0b6B22ea853eC6e2c7, 42161,  Pendle
0xDA53c73a28dfF704Fe757b8B4f6f6359707533Da, 42161,  Pendle
0x263833d47eA3fA4a30f269323aba6a107f9eB14C, 1,  Pendle
0x9bEcd6b4Fb076348A455518aea23d3799361FE95, 42161,  Pendle
0x3c2269811836af69497E5F486A85D7316753cf62, 10,  Pendle
0xad853EB4fB3Fe4a66CdFCD7b75922a0494955292, 42161,  Pendle
0x50288c30c37FA1Ec6167a31E575EA8632645dE20, 42161,  Pendle
0x2b3EC64160F658fFe7061769415Ff080fca80BbA, 10,  Pendle
0xf3aBC972A0f537c1119C990d422463b93227Cd83, 1,  Pendle
0xbb4CdB9CBd36B01bD1cBaEBF2De08d9173bc095c, 56,  Pendle
0x04867479568E20e5e6b739B2858c642B9450cfe0, 42161,  Pendle
0x2FCb47B58350cD377f94d3821e7373Df60bD9Ced, 42161,  Pendle
0x62187066fd9c24559ffb54b0495a304ade26d50b, 1,  Pendle
0x1b641894e66aec7bf5ab86517e8d81763cc8e19e, 1,  Pendle
0xCf89d9E82A021167945D3af67B2343111D1d3eB9, 1,  Pendle
0xF0A219e14D4c058022A828b16Af9888b143ab5aD, 42161,  Pendle
0xc430dB19339A3051192233B4c49f9aB3DC6D16b7, 1,  Pendle
0x9a5aF6A35bb56443C577d57c303CDA39F56Dd173, 10,  Pendle
0x5E03C94Fc5Fb2E21882000A96Df0b63d2c4312e2, 42161,  Pendle
0xfd6Df9EFACfEfdF4E610d687A9c9b941D1b1Bf75, 5000,  Pendle
0xC5Cd692e9b4622ab8Cdb57C83A0f99f874A169Cd, 1,  Pendle
0x47D74516B33eD5D70ddE7119A40839f6Fcc24e57, 1,  Pendle
0x0eB3f11ed8ca69813744868D02D83D4Fbf72841e, 1,  Pendle
0x99Ed4F0Ab6524d26B31D0aEa087eBe20D5949e0f, 42161,  Pendle
0xBFd3A44f673f4d4dF9b1Ec126C4a5F602F0380Ad, 42161,  Pendle
0x4f3A7a07A968B67F1f9692b70242f10E665d38Ad, 1,  Pendle
0xB1f587B354a4a363f5332e88effbbC2E4961250A, 1,  Pendle
0x7D49E5Adc0EAAD9C027857767638613253eF125f, 42161,  Pendle
0x539fd510fE352CC81822a222F821c340133Ed41C, 5000,  Pendle
0xc49d8fdA920a46B21E1821780238f9E7A0de68df, 42161,  Pendle
0x6a0Ed0A9193FCBe7ae9B0F3D90F88e365Cca64fC, 5000,  Pendle
0xA1c32EF8d3c4c30cB596bAb8647e11daF0FA5C94, 42161,  Pendle
0x0c880f6761F1af8d9Aa9C466984b80DAb9a8c9e8, 42161,  Pendle
0xC595c9c28D78bb347C8177dFbB820484e2D99A66, 42161,  Pendle
0x9a9fa8338dd5e5b2188006f1cd2ef26d921650c2, 5000,  Pendle
0x000000000000c9B3E2C3Ec88B1B4c0cD853f4321, 42161,  Pendle
0x1e0c2e41f3165ff6B8a660092f63E10BC0EebE26, 1,  Pendle
0x1684B747cd46858aE6312A7074353D2101154eF7, 42161,  Pendle
0x7D180a4f451FC15B543B5d1Ba7dDa6b3014A4c49, 42161,  Pendle
0x35C16314D6Ee4753289E5cC15A5C5E1Dd4eaD345, 1,  Pendle
0x215a61dead7e1303b8571bb429491aeac5f2061e, 1,  Pendle
0x5546d0f27BEd4075eA03a22c58F7016E24c94EA7, 1,  Pendle
0x438C7dBA7d355aA0c77459AF38B2E62f9f9EccBf, 56,  Pendle
0x0C485Feb9E6fee816652Ea8f3beD2A8f59296E40, 10,  Pendle
0x28DF0f193D8e45073BC1db6F2347812C031bA818, 42161,  Pendle
0xDe715330043799D7a80249660d1e6b61eB3713B3, 1,  Pendle
0x5A0f44FE239856091C52a4b2114aba55773b9c8d, 1,  Pendle
0xC20dc81e8844F8fF154A67003849cEA8e951dEdc, 1,  Pendle
0x9ddc69eB24329365e96Cdca508e37dDf1CD4478d, 1,  Pendle
0xf431a1d9b87e8e275C9B26DC9b99641c81a2b11A, 1,  Pendle
0x66C68a7bcC4CBcAb43A2947A529765d86D4ef14f, 1,  Pendle
0x60f83082fc2Aa538D684310365dA08314322F3D3, 42161,  Pendle
0xcf44E8402a99Db82d2AccCC4d9354657Be2121Db, 1,  Pendle
0x391B570e81e354a85a496952b66ADc831715f54f, 1,  Pendle
0x248d83f7Ac03CEbCC06d5C1A52c9B5d0EbB9936e, 1,  Pendle
0xED99fC8bdB8E9e7B8240f62f69609a125A0Fbf14, 42161,  Pendle
0x28dE02Ac3c3F5ef427e55c321F73fDc7F192e8E4, 42161,  Pendle
0x094bE6bD31D7B860f7d2C1f280fD09F0463d7e67, 1,  Pendle
0x01D0A833C3aD951e37E6f9bf5ecE86e519fF8a0c, 5000,  Pendle
0xA28c08f165116587D4F3E708743B4dEe155c5E64, 56,  Pendle
0x551c423c441db0B691b5630F04d2080Caee25963, 42161,  Pendle
0x5a04b737D770Ed478cb9b65D1864c24d2E9Ca227, 56,  Pendle
0x42862F48eAdE25661558AFE0A630b132038553D0, 1,  Pendle
0xDDFD5e912C1949B4bDb12579002c44B7A83F9E88, 1,  Pendle
0x78c1b0c915c4faa5fffa6cabf0219da63d7f4cb8, 5000,  Pendle
0x2Dfaf9a5E4F293BceedE49f2dBa29aACDD88E0C4, 42161,  Pendle
0x6e99277F5349614AE653B8AC9C5e2F105943E8D9, 1,  Pendle
0x2b3EC64160F658fFe7061769415Ff080fca80BbA, 42161,  Pendle
0xBB47aD7f407CBD385C9269ebd0d1Eb1CB634cDfa, 42161,  Pendle
0x43D03031FAb845065e9CEfE89Dd122d63F72011F, 1,  Pendle
0x4B3f79Ce3D5d752064288FD2Be968A1c21b3ba37, 42161,  Pendle
0xC8D9369809e48d03FF7B69D7979b174e2D34874C, 42161,  Pendle
0x685155D3BD593508Fe32Be39729810A591ED9c87, 42161,  Pendle
0xbFA3aAD535e1b996396698f89FFeC7ada0df17E8, 5000,  Pendle
0xE11f9786B06438456b044B3E21712228ADcAA0D1, 42161,  Pendle
0x9bC62257Ffe7D0f7c52A019E6Fc0AF3102F8F44E, 42161,  Pendle
0xA06627d9884996BC27a7c20fDA94FC94C13aa9Ec, 56,  Pendle
0xb72b988CAF33f3d8A6d816974fE8cAA199E5E86c, 42161,  Pendle
0x2e40D7Cfee1e7D31d1F4875e6F33B2c9a17038fF, 1,  Pendle
0x429c77E193Ff7e6c6c3B2e1f00877B91792e87ee, 56,  Pendle
0x34280882267ffa6383B363E278B027Be083bBe3b, 1,  Pendle
0x8D0884EBA8E481CcADf2F91E62170cdF79AE9C64, 56,  Pendle
0x22E12A50e3ca49FB183074235cB1db84Fe4C716D, 1,  Pendle
0x888888888889758F76e7103c6CbF23ABbF58F946, 1,  Pendle
0x107a2e3cD2BB9a32B9eE2E4d51143149F8367eBa, 1,  Pendle
0x60955a190dec0dB9a45ABe553ad2994126EfdFcc, 42161,  Pendle
0xcF756c00A755172bDC073787Ea83817603dA42eF, 1,  Pendle
0xED18de5442297a4Ec1ce59C7c7d9427Adc2A012b, 10,  Pendle
0x8903dBFFcA66b3Fbc027aC81912ea64Fa61A5219, 10,  Pendle
0x5439c3Ef0072e4A19C44478CDF947F5d957e66C7, 1,  Pendle
0x7Cfb81E9c9402D48c6F3161204a21800b210BAeA, 42161,  Pendle
0xaD22fCA714559Da1Eb25FB24443B0446B54246Fc, 42161,  Pendle
0xA0e3D7418A34057016403197064b70c127E01e19, 1,  Pendle
0xcDBD5ff3E03b6828Db9C32e2131A60ABA5137901, 1,  Pendle
0x1d38d4204159aA5e767aFbA8f76BE22117De61E5, 42161,  Pendle
0xa06C863fcf17cA6f24AA81aeA75E23953193fF6A, 10,  Pendle
0xD961c25aDb22171B142f7e9E14dF01962D4decDf, 1,  Pendle
0x82cC3DA7D315C47557147f44984C3E805C34789c, 1,  Pendle
0xF61267c3B79d6fdeB659174E0171E86cE7DC84B8, 42161,  Pendle
0xBb05ce1299467a2C4c43090c162f170892C30b7A, 1,  Pendle
0x96015d0fb97139567a9ba675951816a0bb719e3c, 42161,  Pendle
0xE8F0cf61598E0d7D20f99b978BdeFF4D4222FeB8, 10,  Pendle
0x9C73879F795CefA1D5239dE08d1B6Aba2D2d1434, 1,  Pendle
0x9D6d509C0354ACA187aAC6beA7d063D3Ef68e2A0, 10,  Pendle
0x3c2269811836af69497E5F486A85D7316753cf62, 42161,  Pendle
0xC8fD1F1E059d97ec71AE566DD6ca788DC92f36AF, 42161,  Pendle
0x943A65956eaA2CcB154D4ab6B4e28a9CFBB824eA, 42161,  Pendle
0x9a9fa8338dd5e5b2188006f1cd2ef26d921650c2, 56,  Pendle
0x013889973cced40030175d138c685266b055e3f4, 1,  Pendle
0x997FBC511a8Ad11F84a400feACD66E2A3fa805d2, 10,  Pendle
0xac440d0eE23FA69632Aa731322C2a480dD1376e4, 1,  Pendle
0xb7631b93189900745Db51d960Ba64b8E6C658843, 42161,  Pendle
0x1FcCC097db89A86Bfc474A1028F93958295b1Fb7, 1,  Pendle
0xBaE2Df4DfCd0c613018D6056A40077F2d1eFf28A, 1,  Pendle
0x2EC8C498ec997aD963969a2c93Bf7150a1F5b213, 1,  Pendle
0x1623F1A991584A6b69baBbdbffD26E2B46485465, 1,  Pendle
0x2D5405688f253D741a9F1090DD90D8A285CF5C79, 42161,  Pendle
0x3d9E694db2F50c31cA9bBb61c8C0046CeDC569cC, 1,  Pendle
0x09D65812dCD0f276e052583d41885cA5C7Dd0086, 56,  Pendle
0x9afd337e41f59e5c2e6f2be05f32e958a4dbcd9a, 10,  Pendle
0xFf262396f2A35Cd7Aa24b7255E7d3f45f057Cdba, 1,  Pendle
0xd7b34a6fDCb2A7ceD2115FF7f5fdD72aa6aA4dE2, 1,  Pendle
0xA54FC268101c8b97DE19eF3141d34751a11996B2, 1,  Pendle
0x000000000000c9B3E2C3Ec88B1B4c0cD853f4321, 10,  Pendle
0x8A09574b0401A856d89d1b583eE22E8cb0C5530B, 56,  Pendle
0xFd8AeE8FCC10aac1897F8D5271d112810C79e022, 42161,  Pendle
0x5A4956D9d4C362C6df3Ae442f87AC0AFcba468dA, 42161,  Pendle
0xfd6Df9EFACfEfdF4E610d687A9c9b941D1b1Bf75, 10,  Pendle
0xbCE250b572955c044C0C4E75B2Fa8016c12cABF9, 1,  Pendle
0x1A6fCc85557BC4fB7B534ed835a03EF056552D52, 1,  Pendle
0xa3BeDB2885Bf23E9b8f72e38Bbd9fdDD1b50E1d6, 42161,  Pendle
0x791c1E9D38029092E8aD1E252d0Bb97261809A2c, 1,  Pendle
0xC374f7eC85F8C7DE3207a10bB1978bA104bdA3B2, 1,  Pendle
0xB87511364014C088e30f872EfC4a00D7efB843AC, 1,  Pendle
0x3d4F535539A33FEAd4D76D7b3B7A9cB5B21C73f1, 1,  Pendle
0x6B44fC15953fb65be99b1d32E25cFAA9362c8173, 1,  Pendle
0x2ad76D576D5910F32227B2F07efC21b3F559858C, 56,  Pendle
0x0C9d0cAf36c14F26d29a18D84b19A4c2565F5739, 42161,  Pendle
0x1806855b73881eD4E435c97C6Da58b01Be5D7390, 1,  Pendle
0xBF44fbCc181e297E1532B72c6ca500fe150C5b9E, 1,  Pendle
0xCbcb48e22622a3778b6F14C2f5d258Ba026b05e6, 42161,  Pendle
0x0F249f735647992572eEa231fc24b35F7B6b34e1, 42161,  Pendle
0xA54Df645A042D24121a737dAA89a57EbF8E0b71c, 1,  Pendle
0x5fe30Ac5cb1aBB0e44CdffB2916c254AEb368650, 1,  Pendle
0x704478Dd72FD7F9B83d1F1e0fc18C14B54F034d0, 10,  Pendle
0xf7906F274c174A52d444175729E3fa98f9bde285, 1,  Pendle
0xdF3601014686674e53d1Fa52F7602525483F9122, 1,  Pendle
0x6a0Ed0A9193FCBe7ae9B0F3D90F88e365Cca64fC, 56,  Pendle
0x7b246B8dBC2a640BF2D8221890cEe8327fC23917, 1,  Pendle
0x4f43c77872Db6BA177c270986CD30c3381AF37Ee, 1,  Pendle
0x0F44751f3555133eFd972e2B580941c3e5577b6b, 1,  Pendle
0xc0CA1e345bE44Ea2c83202222E5084ae3a01e9DC, 1,  Pendle
0x58732F1C1243A0D5876a601FB8D1Ee508B21580D, 56,  Pendle
0x60712e3C9136CF411C561b4E948d4d26637561e7, 42161,  Pendle
0xbEEf0aCD30d146F8ac4Ca6665D672727b943f105, 1,  Pendle
0x293811f161fBFea8f417e222B226BB821548Ba63, 1,  Pendle
0x08a152834de126d2ef83D612ff36e4523FD0017F, 42161,  Pendle
0x000000000000c9B3E2C3Ec88B1B4c0cD853f4321, 1,  Pendle
0x9A76925dD91A7561b58D8353f0bcE4DF1e517aBb, 1,  Pendle
0xEb38531db128EcA928aea1B1CE9E5609B15ba146, 42161,  Pendle
0xb8fbf5cc2826c1c9909f59dd11633b494f46fbfe, 1,  Pendle
0xc79d8a2AA6d769138E599D4DBC30569c9870a6Ee, 42161,  Pendle
0x4439FE47139be8B9b13635C142569c3e60D71259, 42161,  Pendle
0x44474D98d1484C26E8d296a43a721998731Cf775, 1,  Pendle
0x0D459a3287Afec25c0580691e9944d65fEaBb155, 1,  Pendle
0x5a04b737D770Ed478cb9b65D1864c24d2E9Ca227, 5000,  Pendle
0x029aad400f6092Dc735A65be95102efcc2Fe64bf, 1,  Pendle
0x44087E105137a5095c008AaB6a6530182821F2F0, 1,  Pendle
0x82aF49447D8a07e3bd95BD0d56f35241523fBab1, 42161,  Pendle
0x8B9dE1a4f948474AAE072A24Ef45Fb9aC1278de4, 1,  Pendle
0xf5a7De2D276dbda3EEf1b62A9E718EFf4d29dDC8, 10,  Pendle
0xE6F0489ED91dc27f40f9dbe8f81fccbFC16b9cb1, 1,  Pendle
0xCfD3A9e44957D5996663b58B69A79978CcFa778f, 1,  Pendle
0xBB33e51bdC598D710FF59FdF523E80ab7c882C83, 42161,  Pendle
0x6acacf8dC9d489AA83dbD4390BBe1163D2585e70, 42161,  Pendle
0xbFA3aAD535e1b996396698f89FFeC7ada0df17E8, 10,  Pendle
0x7e16e4253CE4a1C96422a9567B23b4b5Ebc207F1, 1,  Pendle
0x8242F81F7B06C1e67bC80DFD2B2716f58bD46651, 42161,  Pendle
0x6875e4A945E498FE1B90BbB13CFbAF0b68658C9C, 10,  Pendle
0x8903dBFFcA66b3Fbc027aC81912ea64Fa61A5219, 42161,  Pendle
0xfa6B22FC4c3Ad88B68c16b3061a16b1714F6Bd57, 10,  Pendle
0x5E9e4bFd81c8c03F8289b827C9B92332789b6fe1, 1,  Pendle
0x8270400d528c34e1596EF367eeDEc99080A1b592, 1,  Pendle
0x1E4c3DE54DecbD51F1F9a6b4eaFd265FAc04e831, 1,  Pendle
0x0F28A763198035825dFAdF3455cB5b8473a7c140, 1,  Pendle
0xf799E4c029d14f41Dc1918C9A4C67242F565710e, 5000,  Pendle
0x9afd337e41f59e5c2e6f2be05f32e958a4dbcd9a, 42161,  Pendle
0xA28c08f165116587D4F3E708743B4dEe155c5E64, 42161,  Pendle
0x1a65eB80a2ac3ea6E41D456DdD6E9cC5728BEf7C, 1,  Pendle
0x3199c7c3c972a8da5F9faD2A838383f827b735F1, 1,  Pendle
0x23aEfCeD9255aD3560CDaa4A10CbFe9EC230DC5A, 1,  Pendle
0xF478f7FeaeAB0DFdC91E02cDd6C63c66E30a7335, 42161,  Pendle
0x80c12D5b6Cc494632Bf11b03F09436c8B61Cc5Df, 42161,  Pendle
0x22E250EcaF9090AB3E31916b0411d7c19e085fDE, 1,  Pendle
0x6aBE9Ac2df48490693BdB9d66Fa898fc9cD7cc36, 42161,  Pendle
0x35878C2Cff38cC4032E85283183428170BA618A2, 1,  Pendle
0xb3C24D9dcCC2Ec5f778742389ffe448E295B84e0, 42161,  Pendle
0x9741CAc1a22Ff3615FA074fD0B439975a5E137e9, 42161,  Pendle
0xD101DF41943Ec333F64Df316A3093cee1Bf16572, 42161,  Pendle
0x9B9f96786B1051F5c72c517e7DEB189CF66E704F, 10,  Pendle
0x3209E9412cca80B18338f2a56ADA59c484c39644, 42161,  Pendle
0x1c27Ad8a19Ba026ADaBD615F6Bc77158130cfBE4, 42161,  Pendle
0x6Ae79089b2CF4be441480801bb741A531d94312b, 42161,  Pendle
0xabC8ae339e3F560BF700A3f6eE85Ee719979762b, 1,  Pendle
0x41535fc6AdCb81a7af1bD4669d221983Ed4e33Af, 1,  Pendle
0x997FBC511a8Ad11F84a400feACD66E2A3fa805d2, 42161,  Pendle
0xb8b0a120F6A68Dd06209619F62429fB1a8e92feC, 42161,  Pendle
0x0AdEd315d2e51F676a2Aa8d2bc6A79C88e0F1c1a, 42161,  Pendle
0x54E28e62Ea9E8D755DC6e74674eAbE2aBfdB004E, 1,  Pendle
0x539fd510fE352CC81822a222F821c340133Ed41C, 10,  Pendle
0xbA72de8B5B56552e537994DddFe82e7ce43409f5, 1,  Pendle
0x6a0Ed0A9193FCBe7ae9B0F3D90F88e365Cca64fC, 10,  Pendle
0x704478Dd72FD7F9B83d1F1e0fc18C14B54F034d0, 42161,  Pendle
0x8C237520a8E14D658170A633D96F8e80764433b9, 1,  Pendle
0x2C4413364623d6AC247E0AF629cEC8ACc596f646, 1,  Pendle
0xc3863CCcd012f8E45D72Ec87c5A9C4F77e1C7549, 1,  Pendle
0xB05cABCd99cf9a73b19805edefC5f67CA5d1895E, 1,  Pendle
0x30c6d4e892871220B5Ab66c10db577da96Fb974b, 5000,  Pendle
0x7758896b6AC966BbABcf143eFA963030f17D3EdF, 1,  Pendle
0xf65CD2460F4F199C5AC09c74Ac05c40559C29e4F, 1,  Pendle
0x2066a650AF4b6895f72E618587Aad5e8120B7790, 42161,  Pendle
0x98601E27d41ccff643da9d981dc708cf9eF1F150, 1,  Pendle
0xa2530b4cfBF271e2B409A05C2CE520e4cB5fCc88, 56,  Pendle
0x89cD713a6607787F93d6743E67777Be9Ad73c54b, 42161,  Pendle
0x7bAf258049cc8B9A78097723dc19a8b103D4098F, 1,  Pendle
0x888888888889758F76e7103c6CbF23ABbF58F946, 56,  Pendle
0xfd6Df9EFACfEfdF4E610d687A9c9b941D1b1Bf75, 42161,  Pendle
0x7749F5Ed1e356EDc63D469c2fcaC9adEB56d1C2b, 1,  Pendle
0xa6a0C2b9d06b769635F6C85deB6b500f49F672E8, 1,  Pendle
0x2b3EC64160F658fFe7061769415Ff080fca80BbA, 1,  Pendle
0x65819E4Ee91923499934c86e93357f633033CB0b, 42161,  Pendle
0x0e1C5509B503358eA1Dac119C1D413e28Cc4b303, 1,  Pendle
0x1729981345aa5CaCdc19eA9eeffea90cF1c6e28b, 1,  Pendle
0x539fd510fE352CC81822a222F821c340133Ed41C, 42161,  Pendle
0x8119EC16F0573B7dAc7C0CB94EB504FB32456ee1, 1,  Pendle
0xd187BEA2C423D908d102ebe5Ee8C65d37f4085c3, 1,  Pendle
0xF88Cf36C49f19713E2BB6FdfAD02c5e73e3019d0, 1,  Pendle
0x9a9fa8338dd5e5b2188006f1cd2ef26d921650c2, 42161,  Pendle
0xC9215ae9EC67385F38C755D862C8eE3702B5793A, 42161,  Pendle
0x1DFe41cc7F7860BA7f1076ca6d0fedD707c87A00, 10,  Pendle
0xb7631b93189900745Db51d960Ba64b8E6C658843, 10,  Pendle
0x35A338522a435D46f77Be32C70E215B813D0e3aC, 1,  Pendle
0x6fcf753f2C67b83f7B09746Bbc4FA0047b35D050, 1, Pendle
0xE006760020384A20774Dea977C313EF5F51FE17D, 56, Pendle
0x7C7f73f7a320364DBB3C9aAa9bCcd402040EE0f9, 56, Pendle
0x5dFBEAEa9e41f85c334075482A20afb7031207aE, 5000, Pendle
0xcb02435716b0143D4Ac1BDf370302D619E714126, 5000, Pendle
0xFF29e023910FB9bfc86729c1050AF193A45a0C0c, 42161, Pendle
0xEE9cA24FB62BFc021e1A46E09e1C1CbECD3341B5, 1, Washtrader
0xEE9cA24FB62BFc021e1A46E09e1C1CbECD3341B5, 56, Washtrader
0xEE9cA24FB62BFc021e1A46E09e1C1CbECD3341B5, 42161, Washtrader
0xEE9cA24FB62BFc021e1A46E09e1C1CbECD3341B5, 43114, Washtrader
0xEE9cA24FB62BFc021e1A46E09e1C1CbECD3341B5, 137, Washtrader
0xEE9cA24FB62BFc021e1A46E09e1C1CbECD3341B5, 10, Washtrader
0xEE9cA24FB62BFc021e1A46E09e1C1CbECD3341B5, 250, Washtrader
0xd29e76c6F15ada0150D10A1D3f45aCCD2098283B, 42161, Pendle
0x888888888889758F76e7103c6CbF23ABbF58F946, 1, Pendle
0xF32e58F92e60f4b0A37A69b95d642A471365EAe8, 1, Pendle
0x957FCeAa6b766b05dc123054e5223E3522ea1907, 1, RocketXechange
0x813e372EB82008b31503027aAAcDdbD5BD228f89, 1, Washtrader
0x813e372EB82008b31503027aAAcDdbD5BD228f89, 56, Washtrader
0x813e372EB82008b31503027aAAcDdbD5BD228f89, 42161, Washtrader
0x813e372EB82008b31503027aAAcDdbD5BD228f89, 43114, Washtrader
0x813e372EB82008b31503027aAAcDdbD5BD228f89, 137, Washtrader
0x813e372EB82008b31503027aAAcDdbD5BD228f89, 10, Washtrader
0x813e372EB82008b31503027aAAcDdbD5BD228f89, 250, Washtrader
0x55Fb4F2AbfaA938e0C756fEc413612f326896577, 1, Bells
0x90Fd954b5F3A0BD0c505bde74F7ae0bf5Db6cB64, 1, Bells deployer
0x06BEba9903Cdb7b4806E2958581653C145A7e8d7, 1, Kiln
0xA2714e6E7758c1767eAe818dF992498D6078F2F1, 1, Kiln
0xA06634ed78C5121c2A3702b90b6E3926c7B2A641, 1, Kiln
0x4b7f5f03F2624E120E5934b3b45Fa328af610183, 1, Kiln
0xe2b0ae1eaddC234E36bC6f3af09F49905b1c8EFe, 1, Kiln
0x6CD5DDECb0caA51B8026C4cEAF06F3323210a903, 1, Kiln
0xe4DfeFAff7f92c86c08107b3201270Fa78885319, 1, Kiln
0x48117c7d6413f6D03EdDAB85852a4aAC339b9e73, 1, Kiln
0xEd9AD1514FB70a251Fb6b897bBAd0a41607D8f63, 1, Kiln
0x0A08355d39a964010f1c23DD9791EC99A0131048, 1, Kiln
0xa748AE65Ba11606492a9C57efFa0d4B7Be551ec2, 1, Kiln
0x1D6103243d0507a9d1314bAC09379Bf57a5CF155, 1, Kiln
0x48005e62373277FBbE5584b351830B1b2eC1E3FD, 1, Kiln
0x066B6c3fCa9034395068eb9d442Ee5041EAc33DC, 1, Kiln
0xdac8cF86ca42185eBCE7ED2dbEC9bc2bE1734ffC, 1, Kiln
0x24d6E12FA25B7F8fc6B4BbA0ea77fc643d7210d3, 1, Kiln
0xC2c48FbfeC0E61683133aAfF32C9c2E98fd17788, 1, Kiln
0x24a1DFEbAEc4e501c2152a5E4A434B236FCE3D3B, 1, Kiln
0x8a113dA63F02811E63C1e38Ef615DF94df5D9e70, 1, Kiln
0x6a38b1ac56F72c843087F55574b6fb3769Ed140C, 1, Kiln
0x4F13231eB0F3Ddf6aF9729491Fc7229BD6A32d70, 1, Kiln
0xd0A52e4e860e34B44994842F09758A0A06b02506, 1, Kiln
0xB328d3133d32450FdeB187fb9F2c6BC871bF411A, 1, Kiln
0xf3ceCb2D7e84f665396E498e5043927Ffe2B6e77, 1, Kiln
0x0f69b1f6a8B62E5F484a6aDb6D8ebc85198DBF78, 1, Kiln
0xA526C37838a84665752949c4941ea96860EbB16F, 1, Kiln
0xF0Ee8327c91f26AA8FE46780F9937B4db4310579, 1, Kiln
0xfEd6bbb91Be7E008410218C66221884466D53e6A, 1, Kiln
0x1B86f09c452F75533fA7a919aFb045c347B7f94a, 1, Kiln
0xfbae5AaD0422854F3Fcfd5D8dd1B43544Bfe9dE1, 1, Kiln
0x6D882AA5B273f25f92A3265fAAc037AbCA39b619, 1, Kiln
0xDBC0EB37fF31D5366F449e4bD1dC119c072689c9, 1, Kiln
0x5970d5D97D5649497aac7e22a16926BC7fFaAD17, 1, Kiln
0x400C066E71506Bb09432c1E9E2F1Db6573440FAE, 1, Kiln
0xc39Ff36C0Efca3d812A679cD81CDe855879B8DeF, 1, Kiln
0x043a4073d9e8b509E5e7D1F928b4062895B802B0, 1, Kiln
0x576834cB068e677db4aFF6ca245c7bde16C3867e, 1, Kiln
0x0843359caE1187b432eEb26E1B40c3a2B2374D7E, 1, Kiln
0x8765Ad19E146b7d3D1126872be7E0752bdEC03Bb, 1, Kiln
0x20c4530b8888e59AFf6a4C3e7A0787399c7eAA47, 1, Kiln
0x0d53dCeD79C65E4EE2D18dba2f126Bcd837906d6, 1, Kiln
0xcdDF9454c0A9bE789Dd2844e68B0E537c8e0Ff38, 1, Kiln
0xDeEE48bb02270A62D3deA3FF603C89e9C95e731f, 1, Kiln
0xAdC36d2BBAd50FfA1764BaBEDBB0cD6cdBE5732F, 1, Kiln
0x86d379CB83954F50ef4e101aE360753Acd01684c, 1, Kiln
0x71Cf5D56ab3726C9F4B87a846F07a2C18ec5149d, 1, Kiln
0x93cc95807315946EeFd4520584DE23A68548ecdA, 1, Kiln
0xE0a39F97aFf89C1575aB92f52d3D61Dc5Eb7952B, 1, Kiln
0x776D522a773c7FaA870774FbC411F3c5EfE49F0D, 1, Kiln
0xFE1b6a789e2BD96a69C49a14353E51116b48107F, 1, Kiln
0xC24162aa69C3267Ed5a4900a2976487BDDFC69d2, 1, Kiln
0xeD216054cb9bA38d22E3E72B8245147F890329e4, 1, Kiln
0xDc71aFFC862fceB6aD32BE58E098423A7727bEbd, 1, Kiln
0x196F13087A95545078adDa90626d509a0D42d5BC, 1, Kiln
0x4eea3359535306b9947278C3704Fe02D89a1C318, 1, Kiln
0xA4c04E7598c5147113B7b03F606b524c630143cE, 1, Kiln
0xd2C0934B72ffFB0b508e6f5794Ff59f48223A5F2, 1, Kiln
0xC57a4B65fc95BefB4f29E81A03fF3FEb037D3B0D, 1, Kiln
0x2f0BB99FFc519A37C3BA3d128e51b29A70C64E84, 1, Kiln
0x8659EEFF31CFcff580D37AF8e7Af250F8998aA83, 1, Kiln
0x0A5F1e94b7f7EFE3049E6DF091Eaa0d2c103705a, 1, Kiln
0x7E5f965190Ba65024809cC005b6F483323D16AC2, 1, Kiln
0x5536aBB02a8B718a4d01a7eB46149F22F17f5050, 1, Kiln
0xd64C65C85B94c46A7B923A4667Afe9FdFD5A2A24, 1, Kiln
0xF2F4744c0F23f72753402CA9DdcF648Dc306df25, 1, Kiln
0x223Ca2Fe219df1AaD87787a0de4b65F541f08542, 1, Kiln
0x2EA6BB1376531f6272e877eaF86608D18CB278d3, 1, Kiln
0xf26dB8ca5C95BA640F011653e17b2B1AEa17ABb6, 1, Kiln
0xC9db9bf0c9c8Fa30B09c45233E6A2D5eEfF9aBF3, 1, Kiln
0x6c74fda18ea90e1c61e800dd9b4508ac782e0dc8, 1, deployer Klin
0xdAe3d98692fc9E4Dc99Ecaf6aaA10cf6e2D08d1E, 42161, FP rug pullers
0x5d2725fdE4d7Aa3388DA4519ac0449Cc031d675f, 1, Anvil
